salonId,month,salonExistsInLedger,ledgerMonthExists,originalBeginningBalance,newBeginningBalance,beginningBalanceDelta,accrued,originalRedeemed,oldRedeemedAdded,newRedeemed,redeemedDelta,cumulativePriorOldRedeemedAppliedToBalance,eligibleForUpdate,reasonSkipped
US10018,2026-03,YES,NO,0,0,0,0,0,186,186,186,0,YES,
US10045,2026-01,YES,YES,1283,1283,0,354,0,0,0,0,0,NO,No old redemption or balance impact for this month
US10045,2026-02,YES,NO,0,0,0,0,0,195,195,195,0,YES,
US10054,2026-03,YES,NO,0,0,0,0,0,694,694,694,0,YES,
US10057,2026-03,YES,NO,0,0,0,0,0,263,263,263,0,YES,
US10081,2026-01,YES,YES,154,154,0,37,0,0,0,0,0,NO,No old redemption or balance impact for this month
US10081,2026-02,YES,NO,0,0,0,0,0,150,150,150,0,YES,
US10104,2026-01,YES,YES,45,45,0,289,0,0,0,0,0,NO,No old redemption or balance impact for this month
US10104,2026-02,YES,NO,0,0,0,0,0,473,473,473,0,YES,
US10108,2026-01,YES,YES,35,35,0,20,0,0,0,0,0,NO,No old redemption or balance impact for this month
US10108,2026-02,YES,NO,0,0,0,0,0,32,32,32,0,YES,
US10173,2026-03,YES,NO,0,0,0,0,0,220,220,220,0,YES,
US10202,2026-03,YES,NO,0,0,0,0,0,267,267,267,0,YES,
US10209,2026-01,YES,YES,147,147,0,42,0,0,0,0,0,NO,No old redemption or balance impact for this month
US10209,2026-02,YES,NO,0,0,0,0,0,73,73,73,0,YES,
US10253,2026-01,YES,YES,309,309,0,93,0,0,0,0,0,NO,No old redemption or balance impact for this month
US10253,2026-02,YES,NO,0,0,0,0,0,281,281,281,0,YES,
US10255,2026-03,YES,NO,0,0,0,0,0,32,32,32,0,YES,
US10259,2026-01,YES,YES,135,135,0,103,0,0,0,0,0,NO,No old redemption or balance impact for this month
US10259,2026-02,YES,NO,0,0,0,0,0,94,94,94,0,YES,
US10259,2026-04,YES,YES,325,231,-94,0,322,0,322,0,94,YES,
US10259,2026-06,YES,YES,138,44,-94,0,112,0,112,0,94,YES,
US10266,2026-03,YES,NO,0,0,0,0,0,80,80,80,0,YES,
US10299,2026-03,YES,NO,0,0,0,0,0,287,287,287,0,YES,
US10303,2026-03,YES,NO,0,0,0,0,0,162,162,162,0,YES,
US10305,2026-02,YES,NO,0,0,0,0,0,440,440,440,0,YES,
US10310,2026-03,YES,NO,0,0,0,0,0,77,77,77,0,YES,
US10338,2026-02,YES,NO,0,0,0,0,0,387,387,387,0,YES,
US10351,2026-03,YES,NO,0,0,0,0,0,44,44,44,0,YES,
US10482,2026-03,YES,NO,0,0,0,0,0,529,529,529,0,YES,
US10495,2026-02,YES,NO,0,0,0,0,0,81,81,81,0,YES,
US10508,2026-02,YES,NO,0,0,0,0,0,1185,1185,1185,0,YES,
US10520,2026-02,YES,NO,0,0,0,0,0,126,126,126,0,YES,
US10539,2026-03,YES,NO,0,0,0,0,0,59,59,59,0,YES,
US10724,2026-02,YES,NO,0,0,0,0,0,65,65,65,0,YES,
US10783,2026-01,YES,YES,45,45,0,0,0,0,0,0,0,NO,No old redemption or balance impact for this month
US10783,2026-02,YES,NO,0,0,0,0,0,44,44,44,0,YES,
US10837,2026-03,YES,NO,0,0,0,0,0,121,121,121,0,YES,
US10855,2026-03,YES,NO,0,0,0,0,0,49,49,49,0,YES,
US10865,2026-03,YES,NO,0,0,0,0,0,396,396,396,0,YES,
US10877,2026-01,YES,YES,404,404,0,224,0,0,0,0,0,NO,No old redemption or balance impact for this month
US10877,2026-02,YES,NO,0,0,0,0,0,374,374,374,0,YES,
US10877,2026-04,YES,YES,224,-150,-374,0,92,0,92,0,374,YES,
US1090,2026-01,YES,YES,242,242,0,0,0,0,0,0,0,NO,No old redemption or balance impact for this month
US1090,2026-02,YES,YES,242,242,0,0,0,241,241,241,0,YES,
US10908,2026-03,YES,NO,0,0,0,0,0,51,51,51,0,YES,
US10931,2026-01,YES,YES,235,235,0,17,0,0,0,0,0,NO,No old redemption or balance impact for this month
US10931,2026-02,YES,NO,0,0,0,0,0,231,231,231,0,YES,
US10956,2026-02,YES,NO,0,0,0,0,0,362,362,362,0,YES,
US10957,2026-01,YES,YES,131,131,0,35,0,0,0,0,0,NO,No old redemption or balance impact for this month
US10957,2026-02,YES,NO,0,0,0,0,0,126,126,126,0,YES,
US10960,2026-01,YES,YES,335,335,0,95,0,0,0,0,0,NO,No old redemption or balance impact for this month
US10960,2026-02,YES,NO,0,0,0,0,0,335,335,335,0,YES,
US10960,2026-05,YES,YES,1010,675,-335,0,358,0,358,0,335,YES,
US11009,2026-02,YES,NO,0,0,0,0,0,45,45,45,0,YES,
US11020,2026-01,YES,YES,237,237,0,20,0,0,0,0,0,NO,No old redemption or balance impact for this month
US11020,2026-02,YES,NO,0,0,0,0,0,172,172,172,0,YES,
US11020,2026-05,YES,YES,322,150,-172,0,170,0,170,0,172,YES,
US1162,2026-01,YES,YES,42,42,0,0,0,0,0,0,0,NO,No old redemption or balance impact for this month
US1162,2026-02,YES,YES,42,42,0,0,0,0,0,0,0,NO,No old redemption or balance impact for this month
US1162,2026-03,YES,NO,0,0,0,0,0,42,42,42,0,YES,
US12253,2026-01,YES,YES,60,60,0,20,0,0,0,0,0,NO,No old redemption or balance impact for this month
US12253,2026-03,YES,NO,0,0,0,0,0,57,57,57,0,YES,
US12419,2026-02,YES,YES,186,186,0,0,0,192,192,192,0,YES,
US12419,2026-03,YES,YES,0,-192,-192,0,0,0,0,0,192,YES,
US12419,2026-04,YES,YES,0,-192,-192,0,0,0,0,0,192,YES,
US12419,2026-05,YES,YES,186,-6,-192,0,0,0,0,0,192,YES,
US12429,2026-01,YES,YES,12,12,0,20,0,0,0,0,0,NO,No old redemption or balance impact for this month
US12429,2026-02,YES,YES,20,20,0,0,0,0,0,0,0,NO,No old redemption or balance impact for this month
US12429,2026-03,YES,NO,0,0,0,0,0,12,12,12,0,YES,
US12570,2026-01,YES,YES,32,32,0,0,0,0,0,0,0,NO,No old redemption or balance impact for this month
US12570,2026-02,YES,YES,0,0,0,0,0,32,32,32,0,YES,
US12570,2026-03,YES,YES,0,-32,-32,0,0,0,0,0,32,YES,
US12570,2026-04,YES,YES,32,0,-32,0,0,0,0,0,32,YES,
US12570,2026-05,YES,YES,32,0,-32,0,0,0,0,0,32,YES,
US12606,2026-02,YES,YES,489,489,0,18,0,0,0,0,0,NO,No old redemption or balance impact for this month
US12606,2026-03,YES,YES,18,18,0,0,0,572,572,572,0,YES,
US12606,2026-04,YES,YES,18,-554,-572,23,0,0,0,0,572,YES,
US12606,2026-05,YES,YES,530,-42,-572,0,0,0,0,0,572,YES,
US12607,2026-01,YES,YES,60,60,0,0,0,0,0,0,0,NO,No old redemption or balance impact for this month
US12607,2026-02,YES,YES,0,0,0,0,0,0,0,0,0,NO,No old redemption or balance impact for this month
US12607,2026-03,YES,YES,0,0,0,0,0,59,59,59,0,YES,
US12607,2026-04,YES,YES,60,1,-59,0,0,0,0,0,59,YES,
US12607,2026-05,YES,YES,60,1,-59,0,0,0,0,0,59,YES,
US1264,2026-01,YES,YES,180,180,0,0,0,0,0,0,0,NO,No old redemption or balance impact for this month
US1264,2026-02,YES,YES,180,180,0,0,0,0,0,0,0,NO,No old redemption or balance impact for this month
US1264,2026-03,YES,NO,0,0,0,0,0,176,176,176,0,YES,
US1270,2026-01,YES,YES,180,180,0,0,0,0,0,0,0,NO,No old redemption or balance impact for this month
US1270,2026-02,YES,YES,180,180,0,0,0,0,0,0,0,NO,No old redemption or balance impact for this month
US1270,2026-03,YES,NO,0,0,0,0,0,180,180,180,0,YES,
US12807,2026-02,YES,YES,0,0,0,37,0,88,88,88,0,YES,
US12807,2026-03,YES,YES,37,-51,-88,0,0,0,0,0,88,YES,
US12807,2026-04,YES,YES,37,-51,-88,0,0,0,0,0,88,YES,
US12807,2026-05,YES,YES,37,-51,-88,0,0,0,0,0,88,YES,
US12871,2026-02,YES,YES,39,39,0,0,0,0,0,0,0,NO,No old redemption or balance impact for this month
US12871,2026-03,YES,YES,0,0,0,39,0,86,86,86,0,YES,
US12871,2026-04,YES,YES,39,-47,-86,101,0,0,0,0,86,YES,
US12871,2026-05,YES,YES,140,54,-86,0,0,0,0,0,86,YES,
US13004,2026-01,YES,YES,248,248,0,0,0,0,0,0,0,NO,No old redemption or balance impact for this month
US13004,2026-02,YES,NO,0,0,0,0,0,247,247,247,0,YES,
US1312,2026-01,YES,YES,154,154,0,0,0,0,0,0,0,NO,No old redemption or balance impact for this month
US1312,2026-02,YES,YES,154,154,0,0,0,0,0,0,0,NO,No old redemption or balance impact for this month
US1312,2026-03,YES,NO,0,0,0,0,0,153,153,153,0,YES,
US13153,2026-01,YES,YES,13,13,0,42,0,0,0,0,0,NO,No old redemption or balance impact for this month
US13153,2026-02,YES,NO,0,0,0,0,0,124,124,124,0,YES,
US13164,2026-01,YES,YES,478,478,0,17,0,0,0,0,0,NO,No old redemption or balance impact for this month
US13164,2026-02,YES,NO,0,0,0,0,0,307,307,307,0,YES,
US13167,2026-01,YES,YES,100,100,0,0,0,0,0,0,0,NO,No old redemption or balance impact for this month
US13167,2026-02,YES,NO,0,0,0,0,0,100,100,100,0,YES,
US13220,2026-01,YES,YES,176,176,0,0,0,0,0,0,0,NO,No old redemption or balance impact for this month
US13220,2026-02,YES,NO,0,0,0,0,0,166,166,166,0,YES,
US13294,2026-01,YES,YES,262,262,0,0,0,0,0,0,0,NO,No old redemption or balance impact for this month
US13294,2026-02,YES,NO,0,0,0,0,0,261,261,261,0,YES,
US13409,2026-01,YES,YES,59,59,0,0,0,0,0,0,0,NO,No old redemption or balance impact for this month
US13409,2026-03,YES,NO,0,0,0,0,0,43,43,43,0,YES,
US1348,2026-01,YES,YES,114,114,0,0,0,0,0,0,0,NO,No old redemption or balance impact for this month
US1348,2026-02,YES,YES,114,114,0,0,0,0,0,0,0,NO,No old redemption or balance impact for this month
US1348,2026-03,YES,NO,0,0,0,0,0,114,114,114,0,YES,
US13491,2026-01,YES,YES,714,714,0,0,0,0,0,0,0,NO,No old redemption or balance impact for this month
US13491,2026-02,YES,NO,0,0,0,0,0,714,714,714,0,YES,
US13502,2026-01,YES,YES,419,419,0,0,0,0,0,0,0,NO,No old redemption or balance impact for this month
US13502,2026-02,YES,NO,0,0,0,0,0,418,418,418,0,YES,
US13745,2026-01,YES,YES,155,155,0,21,0,0,0,0,0,NO,No old redemption or balance impact for this month
US13745,2026-03,YES,NO,0,0,0,0,0,155,155,155,0,YES,
US13779,2026-01,YES,YES,842,842,0,1040,0,0,0,0,0,NO,No old redemption or balance impact for this month
US13779,2026-02,YES,NO,0,0,0,0,0,246,246,246,0,YES,
US1383,2026-01,YES,YES,8,8,0,0,0,0,0,0,0,NO,No old redemption or balance impact for this month
US1383,2026-02,YES,YES,8,8,0,0,0,16,16,16,0,YES,
US13939,2026-01,YES,YES,146,146,0,36,0,0,0,0,0,NO,No old redemption or balance impact for this month
US13939,2026-02,YES,NO,0,0,0,0,0,146,146,146,0,YES,
US1397,2026-01,YES,YES,45,45,0,0,0,0,0,0,0,NO,No old redemption or balance impact for this month
US1397,2026-02,YES,YES,23,23,0,22,0,0,0,0,0,NO,No old redemption or balance impact for this month
US1397,2026-03,YES,NO,0,0,0,0,0,22,22,22,0,YES,
US1397,2026-06,YES,YES,45,23,-22,0,42,0,42,0,22,YES,
US13971,2026-01,YES,YES,383,383,0,0,0,0,0,0,0,NO,No old redemption or balance impact for this month
US13971,2026-02,YES,NO,0,0,0,0,0,370,370,370,0,YES,
US14206,2026-01,YES,YES,422,422,0,0,0,0,0,0,0,NO,No old redemption or balance impact for this month
US14206,2026-03,YES,NO,0,0,0,0,0,430,430,430,0,YES,
US14389,2026-01,YES,YES,61,61,0,0,0,0,0,0,0,NO,No old redemption or balance impact for this month
US14389,2026-02,YES,NO,0,0,0,0,0,61,61,61,0,YES,
US14421,2026-01,YES,YES,120,120,0,0,0,0,0,0,0,NO,No old redemption or balance impact for this month
US14421,2026-02,YES,NO,0,0,0,0,0,120,120,120,0,YES,
US14459,2026-01,YES,YES,25,25,0,0,0,0,0,0,0,NO,No old redemption or balance impact for this month
US14459,2026-02,YES,NO,0,0,0,0,0,25,25,25,0,YES,
US14483,2026-01,YES,YES,57,57,0,26,0,0,0,0,0,NO,No old redemption or balance impact for this month
US14483,2026-02,YES,NO,0,0,0,0,0,57,57,57,0,YES,
US1465,2026-01,YES,YES,358,358,0,0,0,0,0,0,0,NO,No old redemption or balance impact for this month
US1465,2026-02,YES,YES,358,358,0,0,0,0,0,0,0,NO,No old redemption or balance impact for this month
US1465,2026-03,YES,NO,0,0,0,0,0,352,352,352,0,YES,
US14650,2026-02,YES,NO,0,0,0,0,0,97,97,97,0,YES,
US14671,2026-02,YES,NO,0,0,0,0,0,111,111,111,0,YES,
US14710,2026-02,YES,NO,0,0,0,0,0,306,306,306,0,YES,
US14723,2026-02,YES,NO,0,0,0,0,0,655,655,655,0,YES,
US14755,2026-02,YES,NO,0,0,0,0,0,194,194,194,0,YES,
US14860,2026-03,YES,NO,0,0,0,0,0,254,254,254,0,YES,
US14928,2026-02,YES,NO,0,0,0,0,0,600,600,600,0,YES,
US14974,2026-02,YES,NO,0,0,0,0,0,90,90,90,0,YES,
US15084,2026-03,YES,NO,0,0,0,0,0,238,238,238,0,YES,
US15359,2026-02,YES,NO,0,0,0,0,0,77,77,77,0,YES,
US15681,2026-01,YES,YES,616,616,0,35,0,0,0,0,0,NO,No old redemption or balance impact for this month
US15681,2026-02,YES,YES,41,41,0,23,0,520,520,520,0,YES,
US15681,2026-03,YES,YES,131,-389,-520,35,90,0,90,0,520,YES,
US15681,2026-04,YES,YES,670,150,-520,0,0,0,0,0,520,YES,
US15681,2026-05,YES,YES,670,150,-520,0,0,0,0,0,520,YES,
US15802,2026-02,YES,NO,0,0,0,0,0,273,273,273,0,YES,
US15955,2026-02,YES,NO,0,0,0,0,0,87,87,87,0,YES,
US16137,2026-02,YES,YES,7,7,0,32,0,492,492,492,0,YES,
US16137,2026-03,YES,YES,34,-458,-492,245,0,0,0,0,492,YES,
US16137,2026-04,YES,YES,279,-213,-492,0,273,0,273,0,492,YES,
US16137,2026-05,YES,YES,677,185,-492,26,128,0,128,0,492,YES,
US16155,2026-01,YES,YES,22,22,0,25,0,0,0,0,0,NO,No old redemption or balance impact for this month
US16155,2026-02,YES,NO,0,0,0,0,0,21,21,21,0,YES,
US1616,2026-01,YES,YES,25,25,0,0,0,0,0,0,0,NO,No old redemption or balance impact for this month
US1616,2026-02,YES,YES,3,3,0,22,0,52,52,52,0,YES,
US16194,2026-02,YES,YES,184,184,0,0,0,176,176,176,0,YES,
US16194,2026-03,YES,YES,0,-176,-176,0,0,0,0,0,176,YES,
US16194,2026-04,YES,YES,0,-176,-176,0,0,0,0,0,176,YES,
US16194,2026-05,YES,YES,184,8,-176,16,0,0,0,0,176,YES,
US16201,2026-01,YES,YES,268,268,0,88,0,0,0,0,0,NO,No old redemption or balance impact for this month
US16201,2026-02,YES,YES,88,88,0,0,0,0,0,0,0,NO,No old redemption or balance impact for this month
US16201,2026-03,YES,YES,88,88,0,0,0,267,267,267,0,YES,
US16201,2026-04,YES,YES,356,89,-267,0,0,0,0,0,267,YES,
US16201,2026-05,YES,YES,356,89,-267,0,0,0,0,0,267,YES,
US16256,2026-01,YES,YES,371,371,0,17,0,0,0,0,0,NO,No old redemption or balance impact for this month
US16256,2026-02,YES,NO,0,0,0,0,0,370,370,370,0,YES,
US16269,2026-01,YES,YES,1144,1144,0,122,0,0,0,0,0,NO,No old redemption or balance impact for this month
US16269,2026-02,YES,NO,0,0,0,0,0,788,788,788,0,YES,
US16335,2026-02,YES,YES,36,36,0,0,0,0,0,0,0,NO,No old redemption or balance impact for this month
US16335,2026-03,YES,YES,0,0,0,0,0,68,68,68,0,YES,
US16335,2026-04,YES,YES,0,-68,-68,0,0,0,0,0,68,YES,
US16335,2026-05,YES,YES,36,-32,-68,0,0,0,0,0,68,YES,
US16339,2026-02,YES,YES,89,89,0,16,0,150,150,150,0,YES,
US16339,2026-03,YES,YES,16,-134,-150,0,0,0,0,0,150,YES,
US16339,2026-04,YES,YES,16,-134,-150,0,0,0,0,0,150,YES,
US16339,2026-05,YES,YES,105,-45,-150,16,0,0,0,0,150,YES,
US1641,2026-01,YES,YES,691,691,0,0,0,0,0,0,0,NO,No old redemption or balance impact for this month
US1641,2026-02,YES,YES,691,691,0,0,0,0,0,0,0,NO,No old redemption or balance impact for this month
US1641,2026-03,YES,NO,0,0,0,0,0,675,675,675,0,YES,
US16554,2026-02,YES,YES,37,37,0,0,0,0,0,0,0,NO,No old redemption or balance impact for this month
US16554,2026-03,YES,YES,0,0,0,37,0,550,550,550,0,YES,
US16554,2026-04,YES,YES,37,-513,-550,0,0,0,0,0,550,YES,
US16554,2026-05,YES,YES,37,-513,-550,0,0,0,0,0,550,YES,
US16607,2026-01,YES,YES,93,93,0,0,0,0,0,0,0,NO,No old redemption or balance impact for this month
US16607,2026-02,YES,NO,0,0,0,0,0,64,64,64,0,YES,
US16644,2026-02,YES,YES,4,4,0,41,0,97,97,97,0,YES,
US16644,2026-03,YES,YES,41,-56,-97,103,22,0,22,0,97,YES,
US16644,2026-04,YES,YES,122,25,-97,0,120,0,120,0,97,YES,
US16644,2026-05,YES,YES,6,-91,-97,37,0,0,0,0,97,YES,
US16722,2026-01,YES,YES,211,211,0,0,0,0,0,0,0,NO,No old redemption or balance impact for this month
US16722,2026-02,YES,YES,0,0,0,0,0,0,0,0,0,NO,No old redemption or balance impact for this month
US16722,2026-03,YES,NO,0,0,0,0,0,208,208,208,0,YES,
US16848,2026-01,YES,YES,191,191,0,0,0,0,0,0,0,NO,No old redemption or balance impact for this month
US16848,2026-03,YES,NO,0,0,0,0,0,191,191,191,0,YES,
US16849,2026-01,YES,YES,272,272,0,16,0,0,0,0,0,NO,No old redemption or balance impact for this month
US16849,2026-03,YES,NO,0,0,0,0,0,230,230,230,0,YES,
US16869,2026-02,YES,YES,146,146,0,21,0,0,0,0,0,NO,No old redemption or balance impact for this month
US16869,2026-03,YES,YES,21,21,0,92,0,268,268,268,0,YES,
US16869,2026-04,YES,YES,113,-155,-268,31,0,0,0,0,268,YES,
US16869,2026-05,YES,YES,290,22,-268,0,0,0,0,0,268,YES,
US16870,2026-02,YES,YES,33,33,0,0,0,1462,1462,1462,0,YES,
US16870,2026-03,YES,YES,0,-1462,-1462,33,0,732,732,732,1462,YES,
US16870,2026-04,YES,YES,33,-2161,-2194,34,0,0,0,0,2194,YES,
US16870,2026-05,YES,YES,91,-2103,-2194,30,0,0,0,0,2194,YES,
US16878,2026-02,YES,YES,17,17,0,0,0,202,202,202,0,YES,
US16878,2026-03,YES,YES,0,-202,-202,17,0,0,0,0,202,YES,
US16878,2026-04,YES,YES,17,-185,-202,0,0,0,0,0,202,YES,
US16878,2026-05,YES,YES,17,-185,-202,0,0,0,0,0,202,YES,
US1693,2026-01,YES,YES,35,35,0,0,0,0,0,0,0,NO,No old redemption or balance impact for this month
US1693,2026-02,YES,YES,35,35,0,0,0,0,0,0,0,NO,No old redemption or balance impact for this month
US1693,2026-03,YES,NO,0,0,0,0,0,35,35,35,0,YES,
US1702,2026-01,YES,YES,379,379,0,97,0,0,0,0,0,NO,No old redemption or balance impact for this month
US1702,2026-02,YES,YES,476,476,0,0,0,379,379,379,0,YES,
US17102,2026-02,YES,YES,22,22,0,0,0,0,0,0,0,NO,No old redemption or balance impact for this month
US17102,2026-03,YES,YES,0,0,0,0,0,17,17,17,0,YES,
US17102,2026-04,YES,YES,0,-17,-17,0,0,0,0,0,17,YES,
US17212,2026-01,YES,YES,42,42,0,0,0,0,0,0,0,NO,No old redemption or balance impact for this month
US17212,2026-02,YES,NO,0,0,0,0,0,41,41,41,0,YES,
US17311,2026-03,YES,NO,0,0,0,0,0,177,177,177,0,YES,
US17316,2026-02,YES,YES,3,3,0,90,0,74,74,74,0,YES,
US17316,2026-03,YES,YES,166,92,-74,217,0,0,0,0,74,YES,
US17316,2026-04,YES,YES,383,309,-74,89,161,0,161,0,74,YES,
US17316,2026-05,YES,YES,314,240,-74,35,0,0,0,0,74,YES,
US17350,2026-01,YES,YES,654,654,0,23,0,0,0,0,0,NO,No old redemption or balance impact for this month
US17350,2026-02,YES,YES,517,517,0,0,0,160,160,160,0,YES,
US17350,2026-03,YES,YES,517,357,-160,0,0,0,0,0,160,YES,
US17350,2026-04,YES,YES,1171,1011,-160,0,0,0,0,0,160,YES,
US17350,2026-05,YES,YES,1171,1011,-160,17,0,0,0,0,160,YES,
US17493,2026-02,YES,YES,18,18,0,0,0,0,0,0,0,NO,No old redemption or balance impact for this month
US17493,2026-03,YES,YES,0,0,0,0,0,168,168,168,0,YES,
US17493,2026-04,YES,YES,0,-168,-168,0,0,0,0,0,168,YES,
US17493,2026-05,YES,YES,18,-150,-168,0,0,0,0,0,168,YES,
US17554,2026-01,YES,YES,107,107,0,0,0,0,0,0,0,NO,No old redemption or balance impact for this month
US17554,2026-02,YES,YES,0,0,0,0,0,98,98,98,0,YES,
US17713,2026-02,YES,YES,325,325,0,130,0,0,0,0,0,NO,No old redemption or balance impact for this month
US17713,2026-03,YES,YES,130,130,0,216,0,647,647,647,0,YES,
US17713,2026-04,YES,YES,346,-301,-647,0,0,0,0,0,647,YES,
US17713,2026-05,YES,YES,671,24,-647,21,0,0,0,0,647,YES,
US17717,2026-02,YES,YES,81,81,0,36,0,236,236,236,0,YES,
US17717,2026-03,YES,YES,36,-200,-236,36,0,0,0,0,236,YES,
US17717,2026-04,YES,YES,72,-164,-236,0,0,0,0,0,236,YES,
US17717,2026-05,YES,YES,153,-83,-236,25,0,0,0,0,236,YES,
US17733,2026-01,YES,YES,81,81,0,33,0,0,0,0,0,NO,No old redemption or balance impact for this month
US17733,2026-02,YES,YES,33,33,0,0,0,0,0,0,0,NO,No old redemption or balance impact for this month
US17733,2026-03,YES,YES,33,33,0,0,0,80,80,80,0,YES,
US17733,2026-04,YES,YES,114,34,-80,0,0,0,0,0,80,YES,
US17733,2026-05,YES,YES,114,34,-80,16,0,0,0,0,80,YES,
US18113,2026-01,YES,YES,399.0768,399.0768,0.0000,25,0,0,0,0,0,NO,No old redemption or balance impact for this month
US18113,2026-02,YES,YES,424.0768,424.0768,0.0000,20,0,0,0,0,0,NO,No old redemption or balance impact for this month
US18113,2026-03,YES,NO,0,0,0,0,0,610,610,610,0,YES,
US18252,2026-01,YES,YES,506,506,0,25,0,0,0,0,0,NO,No old redemption or balance impact for this month
US18252,2026-02,YES,YES,25,25,0,0,0,0,0,0,0,NO,No old redemption or balance impact for this month
US18252,2026-03,YES,NO,0,0,0,0,0,505,505,505,0,YES,
US1843,2026-01,YES,YES,1410,1410,0,0,0,0,0,0,0,NO,No old redemption or balance impact for this month
US1843,2026-02,YES,YES,1387,1387,0,23,0,0,0,0,0,NO,No old redemption or balance impact for this month
US1843,2026-03,YES,NO,0,0,0,0,0,1387,1387,1387,0,YES,
US236,2026-02,YES,YES,236,236,0,38,0,192,192,192,0,YES,
US236,2026-03,YES,YES,274,82,-192,29,0,0,0,0,192,YES,
US236,2026-04,YES,YES,303,111,-192,0,0,0,0,0,192,YES,
US236,2026-05,YES,YES,303,111,-192,298,0,0,0,0,192,YES,
US243,2026-02,YES,YES,19,19,0,19,0,32,32,32,0,YES,
US243,2026-03,YES,YES,19,-13,-32,21,0,0,0,0,32,YES,
US243,2026-04,YES,YES,40,8,-32,0,0,0,0,0,32,YES,
US243,2026-05,YES,YES,59,27,-32,0,0,0,0,0,32,YES,
US245,2026-02,YES,YES,326,326,0,27,0,0,0,0,0,NO,No old redemption or balance impact for this month
US245,2026-03,YES,YES,27,27,0,23,0,361,361,361,0,YES,
US245,2026-04,YES,YES,50,-311,-361,36,0,0,0,0,361,YES,
US245,2026-05,YES,YES,412,51,-361,42,0,0,0,0,361,YES,
US2454,2026-01,YES,YES,1682,1682,0,103,0,0,0,0,0,NO,No old redemption or balance impact for this month
US2454,2026-02,YES,YES,103,103,0,118,0,89,89,89,0,YES,
US2454,2026-03,YES,YES,221,132,-89,132,50,0,50,0,89,YES,
US2454,2026-04,YES,YES,303,214,-89,0,149,0,149,0,89,YES,
US2454,2026-05,YES,YES,1944,1855,-89,37,0,0,0,0,89,YES,
US2454,2026-06,YES,YES,1981,1892,-89,0,110,0,110,0,89,YES,
US2457,2026-01,YES,YES,1309,1309,0,35,0,0,0,0,0,NO,No old redemption or balance impact for this month
US2457,2026-02,YES,YES,35,35,0,95,0,609,609,609,0,YES,
US2457,2026-03,YES,YES,830,221,-609,130,0,0,0,0,609,YES,
US2457,2026-04,YES,YES,2269,1660,-609,0,0,0,0,0,609,YES,
US2457,2026-05,YES,YES,2269,1660,-609,0,0,0,0,0,609,YES,
US248,2026-02,YES,YES,32,32,0,0,0,92,92,92,0,YES,
US248,2026-03,YES,YES,4,-88,-92,28,0,0,0,0,92,YES,
US248,2026-04,YES,YES,32,-60,-92,0,0,0,0,0,92,YES,
US248,2026-05,YES,YES,32,-60,-92,16,0,0,0,0,92,YES,
US2494,2026-01,YES,YES,253,253,0,0,0,0,0,0,0,NO,No old redemption or balance impact for this month
US2494,2026-02,YES,YES,253,253,0,0,0,0,0,0,0,NO,No old redemption or balance impact for this month
US2494,2026-03,YES,YES,253,253,0,0,0,234,234,234,0,YES,
US2494,2026-04,YES,YES,253,19,-234,0,0,0,0,0,234,YES,
US2494,2026-05,YES,YES,253,19,-234,0,0,0,0,0,234,YES,
US251,2026-02,YES,YES,1520,1520,0,220,205,188,393,188,0,YES,
US251,2026-03,YES,YES,1315,1127,-188,343,296,0,296,0,188,YES,
US251,2026-04,YES,YES,1582,1394,-188,0,296,0,296,0,188,YES,
US251,2026-05,YES,YES,1286,1098,-188,114,299,0,299,0,188,YES,
US253,2026-02,YES,YES,320,320,0,0,0,290,290,290,0,YES,
US253,2026-03,YES,YES,294,4,-290,26,0,0,0,0,290,YES,
US253,2026-04,YES,YES,320,30,-290,0,0,0,0,0,290,YES,
US253,2026-05,YES,YES,324,34,-290,0,0,0,0,0,290,YES,
US253,2026-06,YES,YES,324,34,-290,0,322,0,322,0,290,YES,
US2579,2026-01,YES,YES,73,73,0,19,0,0,0,0,0,NO,No old redemption or balance impact for this month
US2579,2026-02,YES,YES,92,92,0,0,0,0,0,0,0,NO,No old redemption or balance impact for this month
US2579,2026-03,YES,YES,92,92,0,27,0,64,64,64,0,YES,
US2579,2026-04,YES,YES,119,55,-64,0,0,0,0,0,64,YES,
US2579,2026-05,YES,YES,119,55,-64,0,0,0,0,0,64,YES,
US2586,2026-01,YES,YES,113,113,0,18,0,0,0,0,0,NO,No old redemption or balance impact for this month
US2586,2026-02,YES,YES,45,45,0,245,0,86,86,86,0,YES,
US2586,2026-03,YES,YES,35,-51,-86,28,0,0,0,0,86,YES,
US2586,2026-04,YES,YES,290,204,-86,0,255,0,255,0,86,YES,
US2586,2026-05,YES,YES,204,118,-86,39,0,0,0,0,86,YES,
US264,2026-02,YES,YES,2,2,0,311,0,331,331,331,0,YES,
US264,2026-03,YES,YES,311,-20,-331,1356,0,0,0,0,331,YES,
US264,2026-04,YES,YES,1667,1336,-331,0,1593,0,1593,0,331,YES,
US264,2026-05,YES,YES,76,-255,-331,2110,0,0,0,0,331,YES,
US266,2026-02,YES,YES,0,0,0,120,0,119,119,119,0,YES,
US266,2026-03,YES,YES,133,14,-119,106,0,0,0,0,119,YES,
US266,2026-04,YES,YES,239,120,-119,115,0,0,0,0,119,YES,
US266,2026-05,YES,YES,354,235,-119,0,0,0,0,0,119,YES,
US279,2026-02,YES,YES,30,30,0,0,0,514,514,514,0,YES,
US279,2026-03,YES,YES,0,-514,-514,30,0,0,0,0,514,YES,
US279,2026-04,YES,YES,30,-484,-514,0,0,0,0,0,514,YES,
US279,2026-05,YES,YES,30,-484,-514,0,0,0,0,0,514,YES,
US2796,2026-01,YES,YES,858,858,0,245,0,0,0,0,0,NO,No old redemption or balance impact for this month
US2796,2026-02,YES,YES,416,416,0,268,0,687,687,687,0,YES,
US2796,2026-03,YES,YES,684,-3,-687,944,455,0,455,0,687,YES,
US2796,2026-04,YES,YES,229,-458,-687,0,185,0,185,0,687,YES,
US2796,2026-05,YES,YES,1596,909,-687,389,861,0,861,0,687,YES,
US2796,2026-06,YES,YES,1402,715,-687,0,1309,0,1309,0,687,YES,
US282,2026-02,YES,YES,1619,1619,0,26,0,0,0,0,0,NO,No old redemption or balance impact for this month
US282,2026-03,YES,YES,26,26,0,23,0,560,560,560,0,YES,
US282,2026-04,YES,YES,1668,1108,-560,0,0,0,0,0,560,YES,
US282,2026-05,YES,YES,3287,2727,-560,91,0,0,0,0,560,YES,
US2875,2026-01,YES,YES,309,309,0,213,0,0,0,0,0,NO,No old redemption or balance impact for this month
US2875,2026-02,YES,YES,213,213,0,0,0,308,308,308,0,YES,
US2875,2026-03,YES,YES,213,-95,-308,344,0,0,0,0,308,YES,
US2875,2026-04,YES,YES,866,558,-308,134,0,0,0,0,308,YES,
US2875,2026-05,YES,YES,1000,692,-308,217,0,0,0,0,308,YES,
US290,2026-02,YES,YES,4,4,0,125,0,0,0,0,0,NO,No old redemption or balance impact for this month
US290,2026-03,YES,YES,125,125,0,323,0,546,546,546,0,YES,
US290,2026-04,YES,YES,448,-98,-546,0,0,0,0,0,546,YES,
US290,2026-05,YES,YES,452,-94,-546,130,0,0,0,0,546,YES,
US2959,2026-01,YES,YES,244,244,0,0,0,0,0,0,0,NO,No old redemption or balance impact for this month
US2959,2026-02,YES,YES,244,244,0,0,0,0,0,0,0,NO,No old redemption or balance impact for this month
US2959,2026-03,YES,YES,244,244,0,0,0,244,244,244,0,YES,
US2959,2026-04,YES,YES,244,0,-244,0,0,0,0,0,244,YES,
US2959,2026-05,YES,YES,244,0,-244,0,0,0,0,0,244,YES,
US300,2026-02,YES,YES,515,515,0,0,0,514,514,514,0,YES,
US300,2026-03,YES,YES,515,1,-514,0,0,0,0,0,514,YES,
US300,2026-04,YES,YES,515,1,-514,0,0,0,0,0,514,YES,
US300,2026-05,YES,YES,515,1,-514,0,0,0,0,0,514,YES,
US3070,2026-01,YES,YES,526,526,0,17,0,0,0,0,0,NO,No old redemption or balance impact for this month
US3070,2026-02,YES,YES,543,543,0,0,0,468,468,468,0,YES,
US3070,2026-03,YES,YES,543,75,-468,28,0,0,0,0,468,YES,
US3070,2026-04,YES,YES,571,103,-468,27,0,0,0,0,468,YES,
US3070,2026-05,YES,YES,598,130,-468,0,0,0,0,0,468,YES,
US3078,2026-01,YES,YES,108,108,0,0,0,0,0,0,0,NO,No old redemption or balance impact for this month
US3078,2026-02,YES,YES,108,108,0,0,0,0,0,0,0,NO,No old redemption or balance impact for this month
US3078,2026-03,YES,YES,108,108,0,0,0,108,108,108,0,YES,
US3078,2026-04,YES,YES,108,0,-108,0,0,0,0,0,108,YES,
US3078,2026-05,YES,YES,108,0,-108,0,0,0,0,0,108,YES,
US309,2026-02,YES,YES,347,347,0,0,0,100,100,100,0,YES,
US309,2026-03,YES,YES,0,-100,-100,0,0,0,0,0,100,YES,
US309,2026-04,YES,YES,0,-100,-100,0,0,0,0,0,100,YES,
US309,2026-05,YES,YES,347,247,-100,0,0,0,0,0,100,YES,
US315,2026-02,YES,YES,1176,1176,0,0,0,0,0,0,0,NO,No old redemption or balance impact for this month
US315,2026-03,YES,YES,0,0,0,0,0,530,530,530,0,YES,
US315,2026-04,YES,YES,0,-530,-530,24,0,0,0,0,530,YES,
US315,2026-05,YES,YES,1200,670,-530,243,0,0,0,0,530,YES,
US3183,2026-02,YES,YES,175,175,0,0,0,0,0,0,0,NO,No old redemption or balance impact for this month
US3183,2026-03,YES,YES,175,175,0,0,0,173,173,173,0,YES,
US3183,2026-04,YES,YES,175,2,-173,0,0,0,0,0,173,YES,
US3194,2026-02,YES,YES,230,230,0,0,0,0,0,0,0,NO,No old redemption or balance impact for this month
US3194,2026-03,YES,YES,230,230,0,0,0,229,229,229,0,YES,
US3194,2026-04,YES,YES,230,1,-229,0,0,0,0,0,229,YES,
US3194,2026-05,YES,YES,230,1,-229,0,0,0,0,0,229,YES,
US3204,2026-02,YES,YES,103,103,0,0,0,102,102,102,0,YES,
US3204,2026-03,YES,YES,1,-101,-102,0,0,0,0,0,102,YES,
US3204,2026-04,YES,YES,103,1,-102,0,0,0,0,0,102,YES,
US3204,2026-05,YES,YES,103,1,-102,0,0,0,0,0,102,YES,
US3204,2026-06,YES,YES,103,1,-102,0,102,0,102,0,102,YES,
US3279,2026-01,YES,YES,440,440,0,21,0,0,0,0,0,NO,No old redemption or balance impact for this month
US3279,2026-03,YES,NO,0,0,0,0,0,435,435,435,0,YES,
US3279,2026-05,YES,YES,440,5,-435,0,0,0,0,0,435,YES,
US3306,2026-02,YES,NO,0,0,0,0,0,234,234,234,0,YES,
US332,2026-02,YES,YES,22,22,0,0,0,94,94,94,0,YES,
US332,2026-03,YES,YES,0,-94,-94,22,0,51,51,51,94,YES,
US332,2026-04,YES,YES,22,-123,-145,21,0,0,0,0,145,YES,
US332,2026-05,YES,YES,43,-102,-145,0,0,0,0,0,145,YES,
US335,2026-02,YES,YES,107,107,0,0,0,0,0,0,0,NO,No old redemption or balance impact for this month
US335,2026-03,YES,YES,0,0,0,107,0,190,190,190,0,YES,
US335,2026-04,YES,YES,107,-83,-190,35,0,0,0,0,190,YES,
US335,2026-05,YES,YES,142,-48,-190,22,0,0,0,0,190,YES,
US338,2026-02,YES,YES,91,91,0,43,0,0,0,0,0,NO,No old redemption or balance impact for this month
US338,2026-03,YES,YES,43,43,0,23,0,141,141,141,0,YES,
US338,2026-04,YES,YES,66,-75,-141,0,0,0,0,0,141,YES,
US338,2026-05,YES,YES,157,16,-141,31,0,0,0,0,141,YES,
US342,2026-02,YES,YES,67,67,0,0,0,0,0,0,0,NO,No old redemption or balance impact for this month
US342,2026-03,YES,YES,67,67,0,0,0,67,67,67,0,YES,
US342,2026-04,YES,YES,67,0,-67,0,0,0,0,0,67,YES,
US342,2026-05,YES,YES,67,0,-67,0,0,0,0,0,67,YES,
US344,2026-02,YES,YES,33,33,0,0,0,86,86,86,0,YES,
US344,2026-03,YES,YES,0,-86,-86,33,0,0,0,0,86,YES,
US344,2026-04,YES,YES,33,-53,-86,0,0,0,0,0,86,YES,
US344,2026-05,YES,YES,33,-53,-86,0,0,0,0,0,86,YES,
US345,2026-02,YES,YES,30,30,0,0,0,311,311,311,0,YES,
US345,2026-03,YES,YES,0,-311,-311,30,0,0,0,0,311,YES,
US345,2026-04,YES,YES,30,-281,-311,0,0,0,0,0,311,YES,
US345,2026-05,YES,YES,30,-281,-311,0,0,0,0,0,311,YES,
US348,2026-02,YES,YES,139,139,0,0,0,0,0,0,0,NO,No old redemption or balance impact for this month
US348,2026-03,YES,YES,139,139,0,0,0,133,133,133,0,YES,
US348,2026-04,YES,YES,139,6,-133,0,0,0,0,0,133,YES,
US348,2026-05,YES,YES,139,6,-133,0,0,0,0,0,133,YES,
US3489,2026-02,YES,NO,0,0,0,0,0,88,88,88,0,YES,
US352,2026-02,YES,YES,62,62,0,19,0,0,0,0,0,NO,No old redemption or balance impact for this month
US352,2026-03,YES,YES,47,47,0,16,0,132,132,132,0,YES,
US352,2026-04,YES,YES,63,-69,-132,0,0,0,0,0,132,YES,
US352,2026-05,YES,YES,125,-7,-132,0,0,0,0,0,132,YES,
US353,2026-02,YES,YES,5,5,0,102,0,145,145,145,0,YES,
US353,2026-03,YES,YES,102,-43,-145,40,0,0,0,0,145,YES,
US353,2026-04,YES,YES,142,-3,-145,97,0,0,0,0,145,YES,
US353,2026-05,YES,YES,244,99,-145,23,0,0,0,0,145,YES,
US355,2026-02,YES,YES,3,3,0,131,0,500,500,500,0,YES,
US355,2026-03,YES,YES,134,-366,-500,259,0,0,0,0,500,YES,
US355,2026-04,YES,YES,393,-107,-500,107,0,0,0,0,500,YES,
US355,2026-05,YES,YES,500,0,-500,30,0,0,0,0,500,YES,
US357,2026-02,YES,YES,97,97,0,22,0,184,184,184,0,YES,
US357,2026-03,YES,YES,22,-162,-184,0,0,0,0,0,184,YES,
US357,2026-04,YES,YES,22,-162,-184,27,0,0,0,0,184,YES,
US357,2026-05,YES,YES,146,-38,-184,0,0,0,0,0,184,YES,
US3570,2026-01,YES,YES,29,29,0,0,0,0,0,0,0,NO,No old redemption or balance impact for this month
US3570,2026-02,YES,YES,29,29,0,0,0,0,0,0,0,NO,No old redemption or balance impact for this month
US3570,2026-03,YES,YES,29,29,0,0,0,27,27,27,0,YES,
US3570,2026-04,YES,YES,77,50,-27,0,0,0,0,0,27,YES,
US3570,2026-05,YES,YES,181,154,-27,0,104,0,104,0,27,YES,
US3571,2026-01,YES,YES,27,27,0,0,0,0,0,0,0,NO,No old redemption or balance impact for this month
US3571,2026-02,YES,YES,9,9,0,18,0,112,112,112,0,YES,
US3571,2026-03,YES,YES,27,-85,-112,0,0,0,0,0,112,YES,
US3571,2026-04,YES,YES,27,-85,-112,0,0,0,0,0,112,YES,
US3571,2026-05,YES,YES,27,-85,-112,0,0,0,0,0,112,YES,
US3588,2026-01,YES,YES,140,140,0,245,0,0,0,0,0,NO,No old redemption or balance impact for this month
US3588,2026-02,YES,YES,385,385,0,302,0,1022,1022,1022,0,YES,
US3588,2026-03,YES,YES,687,-335,-1022,283,556,0,556,0,1022,YES,
US3588,2026-04,YES,YES,131,-891,-1022,908,350,0,350,0,1022,YES,
US3588,2026-05,YES,YES,972,-50,-1022,921,526,0,526,0,1022,YES,
US3589,2026-01,YES,YES,70,70,0,403,0,0,0,0,0,NO,No old redemption or balance impact for this month
US3589,2026-02,YES,YES,473,473,0,272,0,741,741,741,0,YES,
US3589,2026-03,YES,YES,745,4,-741,1032,701,0,701,0,741,YES,
US3589,2026-04,YES,YES,1076,335,-741,376,1024,0,1024,0,741,YES,
US3589,2026-05,YES,YES,428,-313,-741,215,356,0,356,0,741,YES,
US3632,2026-01,YES,YES,634,634,0,0,0,0,0,0,0,NO,No old redemption or balance impact for this month
US3632,2026-02,YES,YES,634,634,0,0,0,0,0,0,0,NO,No old redemption or balance impact for this month
US3632,2026-03,YES,YES,634,634,0,0,0,633,633,633,0,YES,
US3632,2026-04,YES,YES,634,1,-633,0,0,0,0,0,633,YES,
US3632,2026-05,YES,YES,634,1,-633,0,0,0,0,0,633,YES,
US3645,2026-01,YES,YES,6,6,0,126,0,0,0,0,0,NO,No old redemption or balance impact for this month
US3645,2026-02,YES,YES,132,132,0,32,0,102,102,102,0,YES,
US3645,2026-03,YES,YES,164,62,-102,22,0,0,0,0,102,YES,
US3645,2026-04,YES,YES,186,84,-102,0,165,0,165,0,102,YES,
US3645,2026-05,YES,YES,21,-81,-102,21,0,0,0,0,102,YES,
US365,2026-02,YES,YES,1318,1318,0,0,0,0,0,0,0,NO,No old redemption or balance impact for this month
US365,2026-03,YES,YES,1318,1318,0,0,0,1317,1317,1317,0,YES,
US365,2026-04,YES,YES,1318,1,-1317,0,0,0,0,0,1317,YES,
US365,2026-05,YES,YES,1318,1,-1317,0,0,0,0,0,1317,YES,
US3694,2026-01,YES,YES,207,207,0,0,0,0,0,0,0,NO,No old redemption or balance impact for this month
US3694,2026-02,YES,YES,207,207,0,0,0,0,0,0,0,NO,No old redemption or balance impact for this month
US3694,2026-03,YES,YES,207,207,0,0,0,174,174,174,0,YES,
US3694,2026-04,YES,YES,207,33,-174,0,0,0,0,0,174,YES,
US3694,2026-05,YES,YES,207,33,-174,0,0,0,0,0,174,YES,
US3708,2026-01,YES,YES,4,4,0,0,0,0,0,0,0,NO,No old redemption or balance impact for this month
US3708,2026-02,YES,YES,4,4,0,0,0,16,16,16,0,YES,
US3708,2026-03,YES,YES,4,-12,-16,0,0,0,0,0,16,YES,
US3708,2026-04,YES,YES,4,-12,-16,0,0,0,0,0,16,YES,
US3708,2026-05,YES,YES,4,-12,-16,0,0,0,0,0,16,YES,
US3724,2026-01,YES,YES,526,526,0,0,0,0,0,0,0,NO,No old redemption or balance impact for this month
US3724,2026-02,YES,YES,526,526,0,0,0,0,0,0,0,NO,No old redemption or balance impact for this month
US3724,2026-03,YES,YES,526,526,0,0,0,526,526,526,0,YES,
US3724,2026-04,YES,YES,526,0,-526,0,0,0,0,0,526,YES,
US3724,2026-05,YES,YES,526,0,-526,0,0,0,0,0,526,YES,
US373,2026-02,YES,YES,117,117,0,24,0,149,149,149,0,YES,
US373,2026-03,YES,YES,24,-125,-149,0,0,0,0,0,149,YES,
US373,2026-04,YES,YES,73,-76,-149,33,0,0,0,0,149,YES,
US373,2026-05,YES,YES,223,74,-149,22,0,0,0,0,149,YES,
US382,2026-02,YES,YES,3,3,0,206,0,161,161,161,0,YES,
US382,2026-03,YES,YES,209,48,-161,212,0,0,0,0,161,YES,
US382,2026-04,YES,YES,421,260,-161,0,0,0,0,0,161,YES,
US382,2026-05,YES,YES,421,260,-161,32,0,0,0,0,161,YES,
US382,2026-06,YES,YES,453,292,-161,0,450,0,450,0,161,YES,
US3848,2026-01,YES,YES,502,502,0,0,0,0,0,0,0,NO,No old redemption or balance impact for this month
US3848,2026-02,YES,YES,502,502,0,0,0,501,501,501,0,YES,
US3848,2026-03,YES,YES,502,1,-501,0,0,0,0,0,501,YES,
US3848,2026-04,YES,YES,502,1,-501,0,0,0,0,0,501,YES,
US3848,2026-05,YES,YES,502,1,-501,0,0,0,0,0,501,YES,
US3983,2026-01,YES,YES,98,98,0,0,0,0,0,0,0,NO,No old redemption or balance impact for this month
US3983,2026-02,YES,YES,98,98,0,0,0,0,0,0,0,NO,No old redemption or balance impact for this month
US3983,2026-03,YES,YES,98,98,0,0,0,86,86,86,0,YES,
US3983,2026-04,YES,YES,98,12,-86,0,0,0,0,0,86,YES,
US3983,2026-05,YES,YES,98,12,-86,19,0,0,0,0,86,YES,
US399,2026-02,YES,YES,29,29,0,0,0,635,635,635,0,YES,
US399,2026-03,YES,YES,0,-635,-635,29,0,0,0,0,635,YES,
US399,2026-04,YES,YES,29,-606,-635,0,0,0,0,0,635,YES,
US399,2026-05,YES,YES,29,-606,-635,27,0,0,0,0,635,YES,
US400,2026-02,YES,YES,143,143,0,223,0,527,527,527,0,YES,
US400,2026-03,YES,YES,223,-304,-527,340,0,0,0,0,527,YES,
US400,2026-04,YES,YES,563,36,-527,0,120,0,120,0,527,YES,
US400,2026-05,YES,YES,586,59,-527,374,0,0,0,0,527,YES,
US4001,2026-01,YES,YES,652,652,0,0,0,0,0,0,0,NO,No old redemption or balance impact for this month
US4001,2026-02,YES,YES,652,652,0,0,0,0,0,0,0,NO,No old redemption or balance impact for this month
US4001,2026-03,YES,YES,652,652,0,0,0,612,612,612,0,YES,
US4001,2026-04,YES,YES,652,40,-612,0,0,0,0,0,612,YES,
US4001,2026-05,YES,YES,652,40,-612,0,0,0,0,0,612,YES,
US4019,2026-01,YES,YES,467,467,0,0,0,0,0,0,0,NO,No old redemption or balance impact for this month
US4019,2026-02,YES,YES,467,467,0,0,0,467,467,467,0,YES,
US4019,2026-03,YES,YES,467,0,-467,0,0,0,0,0,467,YES,
US4019,2026-04,YES,YES,467,0,-467,0,0,0,0,0,467,YES,
US4019,2026-05,YES,YES,467,0,-467,0,0,0,0,0,467,YES,
US4043,2026-01,YES,YES,539,539,0,0,0,0,0,0,0,NO,No old redemption or balance impact for this month
US4043,2026-02,YES,YES,539,539,0,0,0,0,0,0,0,NO,No old redemption or balance impact for this month
US4043,2026-03,YES,YES,539,539,0,0,0,539,539,539,0,YES,
US4043,2026-04,YES,YES,539,0,-539,0,0,0,0,0,539,YES,
US4043,2026-05,YES,YES,539,0,-539,0,0,0,0,0,539,YES,
US406,2026-02,YES,YES,208,208,0,91,0,234,234,234,0,YES,
US406,2026-03,YES,YES,202,-32,-234,93,185,0,185,0,234,YES,
US406,2026-04,YES,YES,110,-124,-234,42,85,0,85,0,234,YES,
US406,2026-05,YES,YES,275,41,-234,987,0,0,0,0,234,YES,
US4124,2026-01,YES,YES,36,36,0,0,0,0,0,0,0,NO,No old redemption or balance impact for this month
US4124,2026-02,YES,YES,0,0,0,36,0,528,528,528,0,YES,
US4124,2026-03,YES,YES,36,-492,-528,16,0,0,0,0,528,YES,
US4124,2026-04,YES,YES,52,-476,-528,28,0,0,0,0,528,YES,
US4124,2026-05,YES,YES,80,-448,-528,0,0,0,0,0,528,YES,
US413,2026-02,YES,YES,5,5,0,0,0,45,45,45,0,YES,
US413,2026-03,YES,YES,5,-40,-45,0,0,0,0,0,45,YES,
US413,2026-04,YES,YES,5,-40,-45,0,0,0,0,0,45,YES,
US413,2026-05,YES,YES,5,-40,-45,0,0,0,0,0,45,YES,
US414,2026-02,YES,YES,127,127,0,35,0,89,89,89,0,YES,
US414,2026-03,YES,YES,108,19,-89,125,0,0,0,0,89,YES,
US414,2026-04,YES,YES,233,144,-89,0,0,0,0,0,89,YES,
US414,2026-05,YES,YES,360,271,-89,39,0,0,0,0,89,YES,
US4177,2026-01,YES,YES,1314,1314,0,97,0,0,0,0,0,NO,No old redemption or balance impact for this month
US4177,2026-02,YES,YES,97,97,0,15,0,1212,1212,1212,0,YES,
US4177,2026-03,YES,YES,112,-1100,-1212,27,0,0,0,0,1212,YES,
US4177,2026-04,YES,YES,1453,241,-1212,102,0,0,0,0,1212,YES,
US4177,2026-05,YES,YES,1555,343,-1212,37,0,0,0,0,1212,YES,
US4193,2026-01,YES,YES,1014,1014,0,0,0,0,0,0,0,NO,No old redemption or balance impact for this month
US4193,2026-02,YES,YES,1014,1014,0,0,0,0,0,0,0,NO,No old redemption or balance impact for this month
US4193,2026-03,YES,YES,1014,1014,0,0,0,1000,1000,1000,0,YES,
US4193,2026-04,YES,YES,1014,14,-1000,0,0,0,0,0,1000,YES,
US4193,2026-05,YES,YES,1014,14,-1000,0,0,0,0,0,1000,YES,
US4225,2026-01,YES,YES,217,217,0,91,0,0,0,0,0,NO,No old redemption or balance impact for this month
US4225,2026-02,YES,YES,308,308,0,26,0,0,0,0,0,NO,No old redemption or balance impact for this month
US4225,2026-03,YES,YES,334,334,0,0,0,216,216,216,0,YES,
US4225,2026-04,YES,YES,334,118,-216,0,0,0,0,0,216,YES,
US4225,2026-05,YES,YES,334,118,-216,0,0,0,0,0,216,YES,
US424,2026-02,YES,YES,8,8,0,34,0,0,0,0,0,NO,No old redemption or balance impact for this month
US424,2026-03,YES,YES,34,34,0,23,0,754,754,754,0,YES,
US424,2026-04,YES,YES,57,-697,-754,0,0,0,0,0,754,YES,
US424,2026-05,YES,YES,65,-689,-754,33,0,0,0,0,754,YES,
US4240,2026-01,YES,YES,270,270,0,0,0,0,0,0,0,NO,No old redemption or balance impact for this month
US4240,2026-02,YES,YES,270,270,0,0,0,0,0,0,0,NO,No old redemption or balance impact for this month
US4240,2026-03,YES,YES,270,270,0,0,0,266,266,266,0,YES,
US4240,2026-04,YES,YES,270,4,-266,0,0,0,0,0,266,YES,
US4240,2026-05,YES,YES,270,4,-266,0,0,0,0,0,266,YES,
US4328,2026-01,YES,YES,196,196,0,0,0,0,0,0,0,NO,No old redemption or balance impact for this month
US4328,2026-02,YES,YES,196,196,0,0,0,0,0,0,0,NO,No old redemption or balance impact for this month
US4328,2026-03,YES,YES,196,196,0,16,0,194,194,194,0,YES,
US4328,2026-04,YES,YES,212,18,-194,0,0,0,0,0,194,YES,
US4328,2026-05,YES,YES,212,18,-194,29,0,0,0,0,194,YES,
US4379,2026-01,YES,YES,7,7,0,0,0,0,0,0,0,NO,No old redemption or balance impact for this month
US4379,2026-02,YES,YES,7,7,0,0,0,0,0,0,0,NO,No old redemption or balance impact for this month
US4379,2026-03,YES,YES,7,7,0,0,0,7,7,7,0,YES,
US4379,2026-04,YES,YES,7,0,-7,0,0,0,0,0,7,YES,
US4379,2026-05,YES,YES,7,0,-7,0,0,0,0,0,7,YES,
US438,2026-02,YES,YES,42,42,0,32,0,160,160,160,0,YES,
US438,2026-03,YES,YES,32,-128,-160,31,0,100,100,100,160,YES,
US438,2026-04,YES,YES,63,-197,-260,0,0,0,0,0,260,YES,
US438,2026-05,YES,YES,105,-155,-260,0,0,0,0,0,260,YES,
US4384,2026-01,YES,YES,50,50,0,0,0,0,0,0,0,NO,No old redemption or balance impact for this month
US4384,2026-02,YES,YES,50,50,0,0,0,0,0,0,0,NO,No old redemption or balance impact for this month
US4384,2026-03,YES,YES,50,50,0,0,0,48,48,48,0,YES,
US4384,2026-04,YES,YES,50,2,-48,0,0,0,0,0,48,YES,
US4384,2026-05,YES,YES,50,2,-48,0,0,0,0,0,48,YES,
US439,2026-02,YES,YES,13,13,0,0,0,315,315,315,0,YES,
US439,2026-03,YES,YES,13,-302,-315,0,0,0,0,0,315,YES,
US439,2026-04,YES,YES,13,-302,-315,0,0,0,0,0,315,YES,
US439,2026-05,YES,YES,13,-302,-315,0,0,0,0,0,315,YES,
US4394,2026-01,YES,YES,808,808,0,0,0,0,0,0,0,NO,No old redemption or balance impact for this month
US4394,2026-02,YES,YES,808,808,0,0,0,0,0,0,0,NO,No old redemption or balance impact for this month
US4394,2026-03,YES,YES,808,808,0,0,0,806,806,806,0,YES,
US4394,2026-04,YES,YES,808,2,-806,0,0,0,0,0,806,YES,
US4394,2026-05,YES,YES,808,2,-806,0,0,0,0,0,806,YES,
US4416,2026-01,YES,YES,1259,1259,0,0,0,0,0,0,0,NO,No old redemption or balance impact for this month
US4416,2026-02,YES,YES,1259,1259,0,0,0,1247,1247,1247,0,YES,
US4416,2026-03,YES,YES,1259,12,-1247,0,0,0,0,0,1247,YES,
US4416,2026-04,YES,YES,1259,12,-1247,0,0,0,0,0,1247,YES,
US4416,2026-05,YES,YES,1259,12,-1247,0,0,0,0,0,1247,YES,
US443,2026-02,YES,YES,121,121,0,16,0,112,112,112,0,YES,
US443,2026-03,YES,YES,137,25,-112,0,0,0,0,0,112,YES,
US443,2026-04,YES,YES,137,25,-112,0,0,0,0,0,112,YES,
US443,2026-05,YES,YES,137,25,-112,0,0,0,0,0,112,YES,
US4460,2026-01,YES,YES,44,44,0,24,0,0,0,0,0,NO,No old redemption or balance impact for this month
US4460,2026-02,YES,YES,24,24,0,15,0,42,42,42,0,YES,
US4460,2026-03,YES,YES,39,-3,-42,0,0,0,0,0,42,YES,
US4460,2026-04,YES,YES,83,41,-42,0,0,0,0,0,42,YES,
US4460,2026-05,YES,YES,83,41,-42,27,0,0,0,0,42,YES,
US450,2026-02,YES,YES,1,1,0,23,0,0,0,0,0,NO,No old redemption or balance impact for this month
US450,2026-03,YES,YES,23,23,0,26,0,80,80,80,0,YES,
US450,2026-04,YES,YES,49,-31,-80,0,0,0,0,0,80,YES,
US450,2026-05,YES,YES,50,-30,-80,206,0,0,0,0,80,YES,
US4527,2026-01,YES,YES,16,16,0,0,0,0,0,0,0,NO,No old redemption or balance impact for this month
US4527,2026-02,YES,YES,16,16,0,0,0,16,16,16,0,YES,
US4527,2026-03,YES,YES,16,0,-16,0,0,0,0,0,16,YES,
US4527,2026-04,YES,YES,16,0,-16,0,0,0,0,0,16,YES,
US4527,2026-05,YES,YES,16,0,-16,0,0,0,0,0,16,YES,
US4537,2026-01,YES,YES,14219,14219,0,1404,0,0,0,0,0,NO,No old redemption or balance impact for this month
US4537,2026-02,YES,YES,1404,1404,0,2396,0,1350,1350,1350,0,YES,
US4537,2026-03,YES,YES,14505,13155,-1350,2519,0,0,0,0,1350,YES,
US4537,2026-04,YES,YES,16669,15319,-1350,0,2164,0,2164,0,1350,YES,
US4537,2026-05,YES,YES,33119,31769,-1350,2197,1452,0,1452,0,1350,YES,
US4590,2026-01,YES,YES,4,4,0,0,0,0,0,0,0,NO,No old redemption or balance impact for this month
US4590,2026-02,YES,YES,4,4,0,0,0,90,90,90,0,YES,
US4590,2026-03,YES,YES,4,-86,-90,0,0,0,0,0,90,YES,
US4590,2026-04,YES,YES,4,-86,-90,0,0,0,0,0,90,YES,
US4590,2026-05,YES,YES,4,-86,-90,0,0,0,0,0,90,YES,
US4596,2026-01,YES,YES,59,59,0,0,0,0,0,0,0,NO,No old redemption or balance impact for this month
US4596,2026-02,YES,YES,38,38,0,21,0,0,0,0,0,NO,No old redemption or balance impact for this month
US4596,2026-03,YES,YES,59,59,0,0,0,36,36,36,0,YES,
US4596,2026-04,YES,YES,59,23,-36,0,0,0,0,0,36,YES,
US4596,2026-05,YES,YES,59,23,-36,0,0,0,0,0,36,YES,
US461,2026-02,YES,YES,799,799,0,112,0,0,0,0,0,NO,No old redemption or balance impact for this month
US461,2026-03,YES,YES,112,112,0,114,0,976,976,976,0,YES,
US461,2026-04,YES,YES,226,-750,-976,0,0,0,0,0,976,YES,
US461,2026-05,YES,YES,1025,49,-976,0,0,0,0,0,976,YES,
US4615,2026-01,YES,YES,191,191,0,0,0,0,0,0,0,NO,No old redemption or balance impact for this month
US4615,2026-02,YES,YES,191,191,0,0,0,0,0,0,0,NO,No old redemption or balance impact for this month
US4615,2026-03,YES,YES,191,191,0,0,0,186,186,186,0,YES,
US4615,2026-04,YES,YES,191,5,-186,0,0,0,0,0,186,YES,
US4615,2026-05,YES,YES,191,5,-186,0,0,0,0,0,186,YES,
US4652,2026-01,YES,YES,31,31,0,0,0,0,0,0,0,NO,No old redemption or balance impact for this month
US4652,2026-02,YES,YES,31,31,0,0,0,0,0,0,0,NO,No old redemption or balance impact for this month
US4652,2026-03,YES,YES,31,31,0,0,0,28,28,28,0,YES,
US4652,2026-04,YES,YES,31,3,-28,0,0,0,0,0,28,YES,
US4652,2026-05,YES,YES,31,3,-28,0,0,0,0,0,28,YES,
US4715,2026-01,YES,YES,89,89,0,0,0,0,0,0,0,NO,No old redemption or balance impact for this month
US4715,2026-02,YES,YES,0,0,0,0,0,88,88,88,0,YES,
US4715,2026-03,YES,YES,0,-88,-88,0,0,0,0,0,88,YES,
US4715,2026-04,YES,YES,89,1,-88,0,0,0,0,0,88,YES,
US4715,2026-05,YES,YES,89,1,-88,0,0,0,0,0,88,YES,
US4866,2026-01,YES,YES,50,50,0,0,0,0,0,0,0,NO,No old redemption or balance impact for this month
US4866,2026-03,YES,NO,0,0,0,0,0,49,49,49,0,YES,
US491,2026-02,YES,YES,316,316,0,22,0,320,320,320,0,YES,
US491,2026-03,YES,YES,22,-298,-320,20,0,0,0,0,320,YES,
US491,2026-04,YES,YES,42,-278,-320,0,0,0,0,0,320,YES,
US491,2026-05,YES,YES,358,38,-320,22,0,0,0,0,320,YES,
US4978,2026-01,YES,YES,89,89,0,0,0,0,0,0,0,NO,No old redemption or balance impact for this month
US4978,2026-03,YES,NO,0,0,0,0,0,87,87,87,0,YES,
US5014,2026-01,YES,YES,18,18,0,243,0,0,0,0,0,NO,No old redemption or balance impact for this month
US5014,2026-02,YES,NO,0,0,0,0,0,87,87,87,0,YES,
US505,2026-02,YES,YES,17,17,0,0,0,539,539,539,0,YES,
US505,2026-03,YES,YES,17,-522,-539,0,0,0,0,0,539,YES,
US505,2026-04,YES,YES,17,-522,-539,22,0,0,0,0,539,YES,
US505,2026-05,YES,YES,39,-500,-539,0,0,0,0,0,539,YES,
US5057,2026-01,YES,YES,151,151,0,0,0,0,0,0,0,NO,No old redemption or balance impact for this month
US5057,2026-02,YES,NO,0,0,0,0,0,427,427,427,0,YES,
US5150,2026-01,YES,YES,24,24,0,25,0,0,0,0,0,NO,No old redemption or balance impact for this month
US5150,2026-02,YES,NO,0,0,0,0,0,24,24,24,0,YES,
US5207,2026-01,YES,YES,275,275,0,25,0,0,0,0,0,NO,No old redemption or balance impact for this month
US5207,2026-02,YES,NO,0,0,0,0,0,272,272,272,0,YES,
US5216,2026-01,YES,YES,13165,13165,0,0,0,0,0,0,0,NO,No old redemption or balance impact for this month
US5216,2026-03,YES,NO,0,0,0,0,0,13163,13163,13163,0,YES,
US5298,2026-01,YES,YES,1547,1547,0,42,0,0,0,0,0,NO,No old redemption or balance impact for this month
US5298,2026-02,YES,NO,0,0,0,0,0,307,307,307,0,YES,
US5351,2026-01,YES,YES,3876,3876,0,295,0,0,0,0,0,NO,No old redemption or balance impact for this month
US5351,2026-03,YES,NO,0,0,0,0,0,3876,3876,3876,0,YES,
US5352,2026-01,YES,YES,2,2,0,0,0,0,0,0,0,NO,No old redemption or balance impact for this month
US5352,2026-03,YES,NO,0,0,0,0,0,2,2,2,0,YES,
US5415,2026-01,YES,YES,109,109,0,0,0,0,0,0,0,NO,No old redemption or balance impact for this month
US5415,2026-03,YES,NO,0,0,0,0,0,108,108,108,0,YES,
US5494,2026-01,YES,YES,642,642,0,0,0,0,0,0,0,NO,No old redemption or balance impact for this month
US5494,2026-02,YES,NO,0,0,0,0,0,402,402,402,0,YES,
US5494,2026-03,YES,NO,0,-402,-402,0,0,239,239,239,402,YES,
US552,2026-02,YES,YES,2089,2089,0,118,0,322,322,322,0,YES,
US552,2026-03,YES,YES,118,-204,-322,41,0,204,204,204,322,YES,
US552,2026-04,YES,YES,159,-367,-526,0,0,0,0,0,526,YES,
US552,2026-05,YES,YES,2248,1722,-526,0,0,0,0,0,526,YES,
US5531,2026-01,YES,YES,64,64,0,0,0,0,0,0,0,NO,No old redemption or balance impact for this month
US5531,2026-02,YES,NO,0,0,0,0,0,58,58,58,0,YES,
US5619,2026-01,YES,YES,4,4,0,0,0,0,0,0,0,NO,No old redemption or balance impact for this month
US5619,2026-02,YES,NO,0,0,0,0,0,490,490,490,0,YES,
US5789,2026-01,YES,YES,856,856,0,0,0,0,0,0,0,NO,No old redemption or balance impact for this month
US5789,2026-02,YES,NO,0,0,0,0,0,418,418,418,0,YES,
US5874,2026-01,YES,YES,268,268,0,0,0,0,0,0,0,NO,No old redemption or balance impact for this month
US5874,2026-02,YES,NO,0,0,0,0,0,268,268,268,0,YES,
US588,2026-02,YES,YES,758,758,0,274,0,226,226,226,0,YES,
US588,2026-03,YES,YES,274,48,-226,1325,0,384,384,384,226,YES,
US588,2026-04,YES,YES,1599,989,-610,966,0,0,0,0,610,YES,
US588,2026-05,YES,YES,3323,2713,-610,267,0,0,0,0,610,YES,
US594,2026-02,YES,YES,36,36,0,0,0,0,0,0,0,NO,No old redemption or balance impact for this month
US594,2026-03,YES,YES,0,0,0,36,0,144,144,144,0,YES,
US594,2026-04,YES,YES,36,-108,-144,24,0,0,0,0,144,YES,
US594,2026-05,YES,YES,60,-84,-144,16,0,0,0,0,144,YES,
US6016,2026-01,YES,YES,57,57,0,0,0,0,0,0,0,NO,No old redemption or balance impact for this month
US6016,2026-03,YES,NO,0,0,0,0,0,40,40,40,0,YES,
US603,2026-02,YES,YES,119,119,0,0,0,100,100,100,0,YES,
US603,2026-03,YES,YES,0,-100,-100,0,0,0,0,0,100,YES,
US603,2026-04,YES,YES,0,-100,-100,0,0,0,0,0,100,YES,
US603,2026-05,YES,YES,238,138,-100,0,233,0,233,0,100,YES,
US6116,2026-01,YES,YES,314,314,0,0,0,0,0,0,0,NO,No old redemption or balance impact for this month
US6116,2026-03,YES,NO,0,0,0,0,0,314,314,314,0,YES,
US618,2026-02,YES,YES,184,184,0,0,0,160,160,160,0,YES,
US618,2026-03,YES,YES,163,3,-160,21,0,0,0,0,160,YES,
US618,2026-04,YES,YES,184,24,-160,0,0,0,0,0,160,YES,
US618,2026-05,YES,YES,184,24,-160,0,0,0,0,0,160,YES,
US6201,2026-01,YES,YES,384,384,0,0,0,0,0,0,0,NO,No old redemption or balance impact for this month
US6201,2026-03,YES,NO,0,0,0,0,0,384,384,384,0,YES,
US626,2026-02,YES,YES,858,858,0,226,0,432,432,432,0,YES,
US626,2026-03,YES,YES,1084,652,-432,230,0,384,384,384,432,YES,
US626,2026-04,YES,YES,1314,498,-816,329,0,0,0,0,816,YES,
US626,2026-05,YES,YES,1643,827,-816,952,1326,0,1326,0,816,YES,
US628,2026-02,YES,YES,725,725,0,0,0,0,0,0,0,NO,No old redemption or balance impact for this month
US628,2026-03,YES,YES,725,725,0,0,0,724,724,724,0,YES,
US628,2026-04,YES,YES,725,1,-724,0,0,0,0,0,724,YES,
US628,2026-05,YES,YES,725,1,-724,0,0,0,0,0,724,YES,
US6283,2026-01,YES,YES,456,456,0,20,0,0,0,0,0,NO,No old redemption or balance impact for this month
US6283,2026-03,YES,NO,0,0,0,0,0,456,456,456,0,YES,
US630,2026-02,YES,YES,731,731,0,18,0,510,510,510,0,YES,
US630,2026-03,YES,YES,18,-492,-510,18,0,241,241,241,510,YES,
US630,2026-04,YES,YES,36,-715,-751,28,0,0,0,0,751,YES,
US630,2026-05,YES,YES,795,44,-751,0,0,0,0,0,751,YES,
US634,2026-02,YES,YES,5,5,0,0,0,102,102,102,0,YES,
US634,2026-03,YES,YES,5,-97,-102,0,0,0,0,0,102,YES,
US634,2026-04,YES,YES,5,-97,-102,0,0,0,0,0,102,YES,
US634,2026-05,YES,YES,5,-97,-102,31,0,0,0,0,102,YES,
US6412,2026-01,YES,YES,282,282,0,0,0,0,0,0,0,NO,No old redemption or balance impact for this month
US6412,2026-03,YES,NO,0,0,0,0,0,280,280,280,0,YES,
US6430,2026-01,YES,YES,138,138,0,35,0,0,0,0,0,NO,No old redemption or balance impact for this month
US6430,2026-02,YES,NO,0,0,0,0,0,138,138,138,0,YES,
US646,2026-02,YES,YES,424,424,0,981,0,1292,1292,1292,0,YES,
US646,2026-03,YES,YES,981,-311,-1292,1391,0,0,0,0,1292,YES,
US646,2026-04,YES,YES,2372,1080,-1292,0,367,0,367,0,1292,YES,
US646,2026-05,YES,YES,1521,229,-1292,944,234,0,234,0,1292,YES,
US646,2026-06,YES,YES,1621,329,-1292,0,754,0,754,0,1292,YES,
US6502,2026-01,YES,YES,234,234,0,0,0,0,0,0,0,NO,No old redemption or balance impact for this month
US6502,2026-03,YES,NO,0,0,0,0,0,234,234,234,0,YES,
US653,2026-02,YES,YES,259,259,0,1134,0,818,818,818,0,YES,
US653,2026-03,YES,YES,1135,317,-818,2227,359,0,359,0,818,YES,
US653,2026-04,YES,YES,3003,2185,-818,0,570,0,570,0,818,YES,
US653,2026-05,YES,YES,1882,1064,-818,385,171,0,171,0,818,YES,
US653,2026-06,YES,YES,2096,1278,-818,0,300,0,300,0,818,YES,
US654,2026-02,YES,YES,25,25,0,0,0,0,0,0,0,NO,No old redemption or balance impact for this month
US654,2026-03,YES,YES,0,0,0,25,0,171,171,171,0,YES,
US654,2026-04,YES,YES,25,-146,-171,0,0,0,0,0,171,YES,
US654,2026-05,YES,YES,25,-146,-171,17,0,0,0,0,171,YES,
US658,2026-02,YES,YES,1354,1354,0,23,0,0,0,0,0,NO,No old redemption or balance impact for this month
US658,2026-03,YES,YES,23,23,0,38,0,1523,1523,1523,0,YES,
US658,2026-04,YES,YES,61,-1462,-1523,0,0,0,0,0,1523,YES,
US658,2026-05,YES,YES,1415,-108,-1523,33,0,0,0,0,1523,YES,
US6660,2026-01,YES,YES,300,300,0,338,0,0,0,0,0,NO,No old redemption or balance impact for this month
US6660,2026-02,YES,NO,0,0,0,0,0,260,260,260,0,YES,
US6660,2026-03,YES,YES,750,490,-260,0,737,0,737,0,260,YES,
US6660,2026-05,YES,YES,2055,1795,-260,0,1371,0,1371,0,260,YES,
US6660,2026-06,YES,YES,684,424,-260,0,234,0,234,0,260,YES,
US667,2026-02,YES,YES,203,203,0,24,0,187,187,187,0,YES,
US667,2026-03,YES,YES,24,-163,-187,17,0,0,0,0,187,YES,
US667,2026-04,YES,YES,41,-146,-187,0,0,0,0,0,187,YES,
US667,2026-05,YES,YES,244,57,-187,0,0,0,0,0,187,YES,
US6689,2026-01,YES,YES,2916,2916,0,41,0,0,0,0,0,NO,No old redemption or balance impact for this month
US6689,2026-03,YES,NO,0,0,0,0,0,2914,2914,2914,0,YES,
US670,2026-02,YES,YES,5,5,0,92,0,0,0,0,0,NO,No old redemption or balance impact for this month
US670,2026-03,YES,YES,92,92,0,37,0,133,133,133,0,YES,
US670,2026-04,YES,YES,129,-4,-133,0,0,0,0,0,133,YES,
US670,2026-05,YES,YES,134,1,-133,95,0,0,0,0,133,YES,
US671,2026-02,YES,YES,80,80,0,256,0,569,569,569,0,YES,
US671,2026-03,YES,YES,118,-451,-569,293,0,0,0,0,569,YES,
US671,2026-04,YES,YES,336,-233,-569,335,218,0,218,0,569,YES,
US671,2026-05,YES,YES,746,177,-569,34,0,0,0,0,569,YES,
US674,2026-02,YES,YES,0,0,0,106,0,170,170,170,0,YES,
US674,2026-03,YES,YES,9,-161,-170,42,0,0,0,0,170,YES,
US674,2026-04,YES,YES,106,-64,-170,103,97,0,97,0,170,YES,
US674,2026-05,YES,YES,154,-16,-170,15,0,0,0,0,170,YES,
US6777,2026-01,YES,YES,5922,5922,0,233,0,0,0,0,0,NO,No old redemption or balance impact for this month
US6777,2026-02,YES,NO,0,0,0,0,0,78,78,78,0,YES,
US6777,2026-03,YES,NO,0,-78,-78,0,0,5842,5842,5842,78,YES,
US6778,2026-01,YES,YES,98,98,0,30,0,0,0,0,0,NO,No old redemption or balance impact for this month
US6778,2026-02,YES,NO,0,0,0,0,0,81,81,81,0,YES,
US6778,2026-03,YES,NO,0,-81,-81,0,0,14,14,14,81,YES,
US6779,2026-01,YES,YES,4433,4433,0,111,0,0,0,0,0,NO,No old redemption or balance impact for this month
US6779,2026-03,YES,NO,0,0,0,0,0,4431,4431,4431,0,YES,
US682,2026-02,YES,YES,330,330,0,239,0,638,638,638,0,YES,
US682,2026-03,YES,YES,239,-399,-638,233,0,0,0,0,638,YES,
US682,2026-04,YES,YES,472,-166,-638,112,0,0,0,0,638,YES,
US682,2026-05,YES,YES,914,276,-638,131,0,0,0,0,638,YES,
US6846,2026-01,YES,YES,575,575,0,28,0,0,0,0,0,NO,No old redemption or balance impact for this month
US6846,2026-02,YES,NO,0,0,0,0,0,575,575,575,0,YES,
US685,2026-02,YES,YES,19125,19125,0,232,0,845,845,845,0,YES,
US685,2026-03,YES,YES,19357,18512,-845,121,0,0,0,0,845,YES,
US685,2026-04,YES,YES,18771,17926,-845,225,0,0,0,0,845,YES,
US685,2026-05,YES,YES,19478,18633,-845,225,1187,0,1187,0,845,YES,
US685,2026-06,YES,YES,18741,17896,-845,0,430,0,430,0,845,YES,
US6894,2026-01,YES,YES,603,603,0,0,0,0,0,0,0,NO,No old redemption or balance impact for this month
US6894,2026-03,YES,NO,0,0,0,0,0,600,600,600,0,YES,
US692,2026-02,YES,YES,5,5,0,368,0,383,383,383,0,YES,
US692,2026-03,YES,YES,368,-15,-383,1091,283,0,283,0,383,YES,
US692,2026-04,YES,YES,1176,793,-383,371,220,0,220,0,383,YES,
US692,2026-05,YES,YES,880,497,-383,227,0,0,0,0,383,YES,
US693,2026-02,YES,YES,1854,1854,0,257,0,208,208,208,0,YES,
US693,2026-03,YES,YES,257,49,-208,132,0,423,423,423,208,YES,
US693,2026-04,YES,YES,389,-242,-631,0,0,0,0,0,631,YES,
US693,2026-05,YES,YES,2243,1612,-631,30,40,0,40,0,631,YES,
US7025,2026-01,YES,YES,93,93,0,0,0,0,0,0,0,NO,No old redemption or balance impact for this month
US7025,2026-02,YES,NO,0,0,0,0,0,129,129,129,0,YES,
US708,2026-02,YES,YES,67,67,0,16,0,0,0,0,0,NO,No old redemption or balance impact for this month
US708,2026-03,YES,YES,83,83,0,16,0,64,64,64,0,YES,
US708,2026-04,YES,YES,99,35,-64,40,0,0,0,0,64,YES,
US708,2026-05,YES,YES,139,75,-64,0,0,0,0,0,64,YES,
US7089,2026-01,YES,YES,236,236,0,0,0,0,0,0,0,NO,No old redemption or balance impact for this month
US7089,2026-02,YES,NO,0,0,0,0,0,235,235,235,0,YES,
US709,2026-02,YES,YES,78,78,0,16,0,165,165,165,0,YES,
US709,2026-03,YES,YES,16,-149,-165,0,0,0,0,0,165,YES,
US709,2026-04,YES,YES,16,-149,-165,0,0,0,0,0,165,YES,
US709,2026-05,YES,YES,94,-71,-165,0,0,0,0,0,165,YES,
US7140,2026-01,YES,YES,223,223,0,0,0,0,0,0,0,NO,No old redemption or balance impact for this month
US7140,2026-03,YES,NO,0,0,0,0,0,110,110,110,0,YES,
US7245,2026-01,YES,YES,131,131,0,0,0,0,0,0,0,NO,No old redemption or balance impact for this month
US7245,2026-03,YES,NO,0,0,0,0,0,129,129,129,0,YES,
US7264,2026-01,YES,YES,4475,4475,0,37,0,0,0,0,0,NO,No old redemption or balance impact for this month
US7264,2026-02,YES,NO,0,0,0,0,0,763,763,763,0,YES,
US7298,2026-01,YES,YES,59,59,0,93,0,0,0,0,0,NO,No old redemption or balance impact for this month
US7298,2026-02,YES,NO,0,0,0,0,0,49,49,49,0,YES,
US7346,2026-01,YES,YES,38,38,0,0,0,0,0,0,0,NO,No old redemption or balance impact for this month
US7346,2026-03,YES,NO,0,0,0,0,0,37,37,37,0,YES,
US7446,2026-01,YES,YES,77,77,0,29,0,0,0,0,0,NO,No old redemption or balance impact for this month
US7446,2026-02,YES,NO,0,0,0,0,0,75,75,75,0,YES,
US7491,2026-01,YES,YES,442,442,0,0,0,0,0,0,0,NO,No old redemption or balance impact for this month
US7491,2026-03,YES,NO,0,0,0,0,0,265,265,265,0,YES,
US7635,2026-01,YES,YES,825,825,0,0,0,0,0,0,0,NO,No old redemption or balance impact for this month
US7635,2026-02,YES,NO,0,0,0,0,0,825,825,825,0,YES,
US7847,2026-01,YES,YES,2825,2825,0,43,0,0,0,0,0,NO,No old redemption or balance impact for this month
US7847,2026-02,YES,NO,0,0,0,0,0,78,78,78,0,YES,
US8219,2026-01,YES,YES,662,662,0,0,0,0,0,0,0,NO,No old redemption or balance impact for this month
US8219,2026-03,YES,NO,0,0,0,0,0,447,447,447,0,YES,
US8237,2026-01,YES,YES,102,102,0,35,0,0,0,0,0,NO,No old redemption or balance impact for this month
US8237,2026-02,YES,NO,0,0,0,0,0,102,102,102,0,YES,
US8246,2026-01,YES,YES,73,73,0,0,0,0,0,0,0,NO,No old redemption or balance impact for this month
US8246,2026-03,YES,NO,0,0,0,0,0,71,71,71,0,YES,
US8434,2026-01,YES,YES,251,251,0,0,0,0,0,0,0,NO,No old redemption or balance impact for this month
US8434,2026-03,YES,NO,0,0,0,0,0,248,248,248,0,YES,
US8620,2026-01,YES,YES,88,88,0,0,0,0,0,0,0,NO,No old redemption or balance impact for this month
US8620,2026-02,YES,NO,0,0,0,0,0,85,85,85,0,YES,
US8761,2026-01,YES,YES,508,508,0,0,0,0,0,0,0,NO,No old redemption or balance impact for this month
US8761,2026-02,YES,NO,0,0,0,0,0,505,505,505,0,YES,
US8786,2026-01,YES,YES,141,141,0,19,0,0,0,0,0,NO,No old redemption or balance impact for this month
US8786,2026-02,YES,NO,0,0,0,0,0,139,139,139,0,YES,
US8854,2026-01,YES,YES,519,519,0,0,0,0,0,0,0,NO,No old redemption or balance impact for this month
US8854,2026-02,YES,NO,0,0,0,0,0,502,502,502,0,YES,
US8931,2026-01,YES,YES,87,87,0,0,0,0,0,0,0,NO,No old redemption or balance impact for this month
US8931,2026-02,YES,NO,0,0,0,0,0,86,86,86,0,YES,
US8932,2026-01,YES,YES,675,675,0,0,0,0,0,0,0,NO,No old redemption or balance impact for this month
US8932,2026-03,YES,NO,0,0,0,0,0,675,675,675,0,YES,
US8945,2026-01,YES,YES,71,71,0,0,0,0,0,0,0,NO,No old redemption or balance impact for this month
US8945,2026-02,YES,NO,0,0,0,0,0,71,71,71,0,YES,
US9032,2026-01,YES,YES,429,429,0,0,0,0,0,0,0,NO,No old redemption or balance impact for this month
US9032,2026-02,YES,NO,0,0,0,0,0,429,429,429,0,YES,
US9046,2026-01,YES,YES,596,596,0,0,0,0,0,0,0,NO,No old redemption or balance impact for this month
US9046,2026-03,YES,NO,0,0,0,0,0,594,594,594,0,YES,
US9161,2026-01,YES,YES,108,108,0,28,0,0,0,0,0,NO,No old redemption or balance impact for this month
US9161,2026-02,YES,NO,0,0,0,0,0,106,106,106,0,YES,
US919,2026-01,YES,YES,206,206,0,0,0,0,0,0,0,NO,No old redemption or balance impact for this month
US919,2026-02,YES,YES,206,206,0,0,0,0,0,0,0,NO,No old redemption or balance impact for this month
US919,2026-03,YES,NO,0,0,0,0,0,206,206,206,0,YES,
US9220,2026-01,YES,YES,1879,1879,0,270,0,0,0,0,0,NO,No old redemption or balance impact for this month
US9220,2026-03,YES,NO,0,0,0,0,0,1879,1879,1879,0,YES,
US9346,2026-01,YES,YES,14,14,0,0,0,0,0,0,0,NO,No old redemption or balance impact for this month
US9346,2026-03,YES,NO,0,0,0,0,0,14,14,14,0,YES,
US9446,2026-01,YES,YES,73,73,0,0,0,0,0,0,0,NO,No old redemption or balance impact for this month
US9446,2026-03,YES,NO,0,0,0,0,0,71,71,71,0,YES,
US9477,2026-01,YES,YES,40,40,0,0,0,0,0,0,0,NO,No old redemption or balance impact for this month
US9477,2026-02,YES,NO,0,0,0,0,0,34,34,34,0,YES,
US9701,2026-01,YES,YES,167,167,0,0,0,0,0,0,0,NO,No old redemption or balance impact for this month
US9701,2026-02,YES,NO,0,0,0,0,0,167,167,167,0,YES,
US9787,2026-01,YES,YES,95,95,0,0,0,0,0,0,0,NO,No old redemption or balance impact for this month
US9787,2026-02,YES,NO,0,0,0,0,0,95,95,95,0,YES,
US9797,2026-01,YES,YES,31,31,0,22,0,0,0,0,0,NO,No old redemption or balance impact for this month
US9797,2026-02,YES,NO,0,0,0,0,0,28,28,28,0,YES,
US9840,2026-01,YES,YES,26,26,0,0,0,0,0,0,0,NO,No old redemption or balance impact for this month
US9840,2026-02,YES,NO,0,0,0,0,0,26,26,26,0,YES,
US9848,2026-01,YES,YES,23,23,0,0,0,0,0,0,0,NO,No old redemption or balance impact for this month
US9848,2026-03,YES,NO,0,0,0,0,0,23,23,23,0,YES,
US9949,2026-03,YES,NO,0,0,0,0,0,666,666,666,0,YES,
US9952,2026-01,YES,YES,1268,1268,0,941,0,0,0,0,0,NO,No old redemption or balance impact for this month
US9952,2026-02,YES,NO,0,0,0,0,0,1257,1257,1257,0,YES,
US998,2026-01,YES,YES,5,5,0,0,0,0,0,0,0,NO,No old redemption or balance impact for this month
US998,2026-02,YES,YES,5,5,0,0,0,64,64,64,0,YES,
US9998,2026-02,YES,NO,0,0,0,0,0,30,30,30,0,YES,
