store_id,reward_points
US10783,45
US12099,10
US12101,10
US12104,10
US12107,10
US12108,10
US12109,55
US12110,75
US12113,10
US12120,11
US12125,25
US12128,24
US12129,11
US12131,39
US12132,114
US12133,23
US12134,22
US12147,25
US12149,13
US12150,13
US12153,14
US12154,26
US12159,14
US12161,14
US12162,15
US12163,131
US12164,34
US12166,135
US12167,325
US12176,192
US12177,360
US12179,27
US12181,154
US12182,167
US12183,490
US12184,173
US12185,182
US12188,308
US12189,88
US12190,1558
US12194,202
US12251,35
US12252,2
US12253,60
US12254,21
US12255,42
US12257,3
US12258,33
US12282,197
US12283,358
US12288,2600
US12307,10
US12308,10
US12313,27
US12314,10
US12315,180
US12317,27
US12326,95
US12329,41
US12332,13
US12333,13
US12335,14
US12338,4
US12339,33
US12345,20
US12347,1
US12348,163
US12351,177
US12352,23
US12354,182
US12356,323
US12358,232
US12378,10
US12381,11
US12384,88
US12389,17
US12390,13
US12392,28
US12394,54
US12398,58
US12399,39
US12401,79
US12402,272
US12404,21
US12405,43
US12409,60
US12411,12
US12412,152
US12413,14
US12454,31
US12456,86
US12460,331
US12461,289
US12496,306
US12522,96
US12526,10
US12528,42
US12529,135
US12532,22
US12534,21
US12537,11
US12543,30
US12544,12
US12545,26
US12546,24
US12549,30
US12552,79
US12553,42
US12555,31
US12556,41
US12558,120
US12560,110
US12562,254
US12563,237
US12565,515
US12566,1470
US12583,31
US12585,59
US12587,35
US12588,11
US12589,36
US12590,12
US12591,26
US12592,39
US12597,19
US12600,23
US12602,404
US12609,23
US12612,23
US12613,10
US12616,12
US12618,23
US12621,32
US12622,15
US12626,47
US12628,88
US12629,58
US12630,66
US12665,10
US12666,10
US12669,34
US12672,12
US12677,56
US12678,56
US12690,70
US12696,28
US12697,10
US12702,22
US12703,57
US12704,13
US12710,77
US12713,118
US12714,111
US12715,97
US12734,53
US12735,1258
US12737,13
US12738,12
US12741,548
US12742,38
US12743,34
US12745,106
US12750,25
US12751,61
US12753,292
US12754,25
US12755,25
US12756,1820
US12757,50
US12763,10
US12764,21
US12768,10
US12769,10
US12772,11
US12774,11
US12777,283
US12778,25
US12781,13
US12782,28
US12784,17
US12785,32
US12786,618
US12787,126
US12794,265
US12851,10
US12852,11
US12895,23
US12897,27
US12900,13
US12901,23
US12903,33
US12905,16
US12906,29
US12907,18
US12909,120
US12910,46
US12912,219
US12914,365
US12915,107
US12916,38
US15564,10
US15570,11
US15572,11
US15573,24
US15579,12
US15616,53
US15617,107
US15620,10
US15621,56
US15624,11
US15625,12
US15626,23
US15628,13
US15629,13
US15631,84
US15634,75
US15635,50
US15637,19
US15638,37
US15639,66
US15641,28
US15642,39
US15646,418
US15648,69
US15651,38
US15654,57
US15658,223
US15659,168
US15661,962
US15663,254
US15737,96
US15739,10
US15743,21
US15744,20
US15745,106
US15746,26
US15747,47
US15748,348
US15750,22
US15755,11
US15756,11
US15758,12
US15759,12
US15761,12
US15772,13
US15774,37
US15775,61
US15776,14
US15778,40
US15783,17
US15784,58
US15787,21
US15790,166
US15791,113
US15792,338
US15795,96
US15797,234
US15800,711
US15801,534
US15835,25
US15838,22
US15840,10
US15841,20
US15842,10
US15844,13
US15845,10
US15846,20
US15847,10
US15849,11
US15850,11
US15852,54
US15853,33
US15855,12
US15858,12
US15861,206
US15863,13
US15864,13
US15865,14
US15866,27
US15869,16
US15870,92
US15871,32
US15876,1346
US15879,53
US15880,169
US15882,91
US15883,154
US15884,89
US15886,94
US15887,56
US15888,3
US15889,245
US15893,21
US15894,10
US15895,10
US15897,10
US15898,22
US15900,11
US15901,11
US15906,25
US15911,18
US15912,509
US15919,10
US15921,1048
US15922,24
US15923,15
US15927,892
US15928,501
US16002,146
US16003,10
US16005,10
US16007,10
US16009,10
US16012,11
US16013,30
US16014,24
US16016,11
US16018,11
US16019,12
US16021,24
US16022,13
US16023,23
US16024,30
US16025,14
US16029,15
US16031,39
US16032,16
US16033,123
US16034,32
US16035,32
US16036,18
US16038,80
US16039,23
US16040,66
US16042,70
US16044,29
US16045,500
US16046,274
US16048,81
US16049,92
US16050,111
US16051,154
US16052,144
US16054,15
US16055,372
US16056,1164
US16102,10
US16103,10
US16104,135
US16105,11
US16107,15
US16108,15
US16112,276
US16113,58
US16118,23
US16120,15
US16121,18
US16138,10
US16141,10
US16142,33
US16143,11
US16144,21
US16145,11
US16146,174
US16149,820
US16150,12
US16152,12
US16153,12
US16155,22
US16156,22
US16159,65
US16160,183
US16164,293
US16165,849
US16166,359
US16170,247
US16171,89
US16172,77
US16173,63
US16174,91
US16175,100
US16176,83
US16177,138
US16242,21
US16243,10
US16244,10
US16247,57
US16248,13
US16249,35
US16250,26
US16251,26
US16254,25
US16255,155
US16258,191
US16259,406
US16260,1160
US16277,10
US16279,10
US16280,10
US16282,13
US16283,26
US16288,15
US16290,23
US16291,12
US16292,12
US16294,14
US16295,153
US16296,39
US16303,79
US16304,128
US16305,180
US16306,3
US16311,10
US16312,10
US16317,24
US16319,11
US16320,98
US16322,14
US16325,18
US16326,19
US16327,183
US16330,85
US16331,267
US16334,10
US16336,506
US16390,10
US16391,47
US16396,12
US16397,13
US16399,14
US16400,15
US16402,36
US16403,26
US16404,59
US16405,75
US16406,61
US16407,137
US16465,10
US16467,50
US16472,11
US16476,11
US16478,12
US16480,12
US16481,78
US16483,14
US16485,34
US16486,15
US16487,15
US16488,21
US16489,29
US16492,16
US16495,56
US16496,19
US16498,20
US16500,35
US16501,23
US16502,36
US16504,166
US16505,33
US16511,118
US16512,75
US16515,114
US16516,488
US16517,805
US16518,913
US16580,10
US16584,11
US16585,11
US16586,288
US16587,11
US16588,11
US16589,29
US16590,11
US16591,11
US16592,11
US16600,25
US16603,14
US16606,15
US16607,93
US16610,17
US16611,35
US16614,21
US16616,35
US16617,45
US16619,79
US16620,31
US16624,307
US16625,391
US16676,26
US16677,10
US16680,10
US16683,11
US16687,26
US16688,11
US16691,11
US16694,93
US16695,11
US16697,12
US16700,65
US16701,53
US16703,14
US16704,46
US16705,17
US16706,22
US16707,98
US16708,217
US16711,127
US16712,245
US16713,799
US16732,10
US16733,10
US16734,10
US16735,10
US16736,10
US16737,10
US16739,11
US16740,43
US16743,195
US16745,19
US16746,21
US16747,35
US16748,581
US16749,25
US16750,26
US16752,119
US16753,109
US16754,96
US16755,132
US16778,10
US16779,12
US16822,10
US16826,12
US16828,22
US16829,39
US16831,14
US16832,14
US16834,15
US16836,23
US16838,40
US16840,91
US16842,26
US16845,61
US16849,272
US16850,205
US16851,339
US16858,20
US16859,390
US16860,11
US16861,12
US16863,25
US16865,60
US16866,195
US16993,10
US16994,54
US16998,27
US16999,11
US17000,11
US17002,34
US17003,11
US17004,23
US17006,44
US17008,197
US17010,12
US17016,14
US17018,23
US17020,53
US17032,40
US17033,46
US17034,27
US17035,27
US17036,32
US17038,76
US17039,34
US17041,154
US17042,107
US17043,95
US17045,39
US17046,10
US17075,22
US17077,54
US17078,10
US17079,20
US17080,10
US17082,11
US17084,12
US17086,40
US17090,263
US17091,122
US17159,10
US17160,10
US17162,10
US17164,10
US17166,41
US17167,176
US17168,10
US17172,11
US17173,38
US17175,11
US17177,12
US17178,12
US17182,13
US17183,29
US17185,14
US17189,14
US17190,40
US17191,30
US17192,15
US17197,211
US17198,19
US17200,23
US17202,46
US17203,62
US17205,50
US17206,31
US17207,33
US17208,36
US17209,96
US17211,194
US17214,25
US17244,10
US17245,11
US17246,10
US17247,10
US17249,11
US17253,12
US17254,13
US17255,13
US17256,13
US17260,14
US17261,16
US17262,17
US17266,48
US17267,25
US17268,108
US17269,70
US17270,87
US17271,111
US17273,179
US17274,479
US17313,10
US17315,10
US17318,10
US17321,11
US17323,22
US17325,13
US17326,13
US17328,13
US17330,14
US17333,684
US17335,79
US17336,253
US17413,21
US17416,10
US17417,21
US17419,10
US17420,10
US17422,10
US17425,11
US17426,11
US17429,11
US17430,12
US17431,11
US17432,11
US17433,31
US17435,28
US17436,351
US17437,12
US17438,12
US17443,13
US17446,31
US17447,15
US17451,29
US17452,16
US17455,19
US17456,20
US17457,21
US17459,25
US17460,42
US17463,83
US17496,21
US17497,10
US17498,32
US17500,28
US17502,10
US17503,11
US17504,12
US17506,12
US17510,26
US17511,13
US17512,13
US17513,15
US17514,15
US17515,45
US17517,82
US17518,117
US17520,91
US17592,10
US17595,10
US17597,10
US17601,10
US17603,10
US17604,10
US17605,10
US17606,10
US17607,11
US17610,12
US17612,13
US17617,14
US17618,15
US17621,15
US17625,16
US17626,17
US17628,24
US17629,48
US17632,61
US17634,188
US17635,80
US17667,10
US17670,10
US17673,10
US17674,10
US17676,10
US17677,11
US17678,11
US17680,11
US17681,11
US17685,11
US17686,11
US17687,11
US17688,12
US17692,12
US17693,12
US17694,13
US17695,13
US17696,13
US17697,13
US17698,13
US17700,14
US17701,15
US17703,15
US17704,16
US17705,16
US17706,16
US17707,16
US17709,17
US17710,17
US17712,18
US17719,21
US17723,71
US17724,74
US17726,99
US17727,283
US17728,1467
US192322,109
US4727,468
US4731,5845
US4732,65
US4733,22
US4734,165
US4736,816
US4737,864
US4739,585
US4741,1233
US4744,55
US4750,15
US4751,71
US4753,492
US4755,1835
US4757,409
US4758,523
US4761,1079
US4765,78
US4767,382
US4769,1
US4770,293
US4771,2276
US4776,377
US4778,178
US4779,677
US4780,2258
US4783,406
US4788,361
US4790,562
US4791,59
US4792,198
US4799,280
US4804,50
US4807,50
US4809,282
US4810,219
US4814,194
US4815,10
US4816,39
US4820,81
US4823,119
US4827,10
US4832,17
US4836,48
US4839,28
US4842,138
US4843,175
US4848,178
US4849,27
US4851,86
US4852,1206
US4855,600
US4862,12
US4864,188
US4866,50
US4867,36
US4868,11
US4869,96
US4874,167
US4878,12
US4882,13
US4884,43
US4890,534
US4891,301
US4894,1675
US4895,67
US4901,204
US4903,162
US4904,22
US4905,57
US4908,2002
US4910,566
US4913,18
US4914,11
US4916,10
US4918,19
US4919,34
US4923,154
US4924,413
US4933,51
US4934,16
US4940,105
US4948,111
US4949,75
US4950,42
US4953,574
US4954,233
US4958,94
US4963,13
US4971,152
US4972,216
US4973,35
US4974,17
US4977,109
US4980,1084
US4982,10
US4984,111
US4985,106
US4988,369
US4989,11
US4990,7
US4991,428
US4994,389
US5000,86
US5001,420
US5007,36
US5014,105
US5017,145
US5019,177
US5021,379
US5026,62
US5027,130
US5028,819
US5036,12
US5038,88
US5039,34
US5041,102
US5044,548
US5047,54
US5048,4
US5049,10
US5052,41
US5055,29
US5060,608
US5069,1049
US5073,568
US5077,111
US5078,97
US5098,235
US5099,303
US5101,69
US5102,785
US5104,124
US5105,23
US5106,16
US5112,134
US5113,2
US5120,63
US5122,416
US5126,81
US5131,514
US5133,33
US5136,178
US5141,205
US5142,1
US5143,37
US5144,1086
US5146,95
US5150,24
US5159,17
US5164,8
US5165,352
US5168,147
US5170,19
US5171,178
US5178,1689
US5183,82
US5185,263
US5189,183
US5191,226
US5193,162
US5194,105
US5198,372
US5207,275
US5210,40
US5216,13165
US5218,798
US5219,207
US5222,103
US5228,19
US5229,23
US5230,548
US5233,1330
US5237,293
US5238,32
US5241,252
US5242,206
US5244,30
US5250,36
US5251,133
US5254,39
US5255,186
US5258,10
US5259,49
US5262,121
US5264,187
US5270,47
US5271,28
US5272,299
US5276,94
US5279,147
US5286,39
US5287,11
US5288,80
US5290,248
US5293,12
US5294,13
US5295,97
US5299,66
US5302,122
US5305,26
US5306,316
US5308,262
US5309,75
US5311,64
US5312,21
US5313,112
US5317,66
US5318,31
US5324,21
US5327,109
US5328,233
US5336,74
US5339,158
US5344,286
US5347,10
US5348,39
US5355,4
US5357,29
US5359,16
US5362,158
US5370,11
US5371,176
US5376,83
US5380,10
US5385,42
US5393,159
US5395,453
US5398,81
US5399,184
US5402,120
US5403,32
US5404,124
US5409,1234
US5413,1414
US5415,109
US5416,177
US5419,35
US5422,253
US5423,51
US5431,192
US5434,704
US5437,42
US5438,38
US5439,559
US5440,29
US5444,99
US5445,97
US5453,390
US5455,130
US5462,22
US5468,300
US5474,17
US5475,227
US5480,281
US5487,81
US5488,165
US5489,99
US5491,791
US5500,112
US5501,66
US5503,667
US5507,341
US5511,12
US5521,26
US5524,245
US5525,194
US5526,911
US5529,378
US5531,64
US5537,383
US5538,190
US5540,24
US5543,57
US5551,207
US5552,37
US5553,573
US5558,10
US5560,10
US5571,56
US5576,17
US5584,31
US5594,144
US5599,124
US5604,262
US5608,274
US5609,47
US5611,342
US5616,37
US5622,69
US5631,49
US5632,85
US5637,543
US5641,95
US5644,491
US5649,506
US5652,168
US5657,11
US5661,79
US5663,99
US5672,13
US5673,442
US5674,24
US5675,147
US5676,49
US5677,25
US5678,10
US5679,396
US5686,11
US5687,47
US5689,56
US5690,957
US5692,45
US5698,112
US5700,1147
US5701,270
US5708,10
US5711,49
US5714,68
US5722,15
US5724,189
US5727,114
US5732,10
US5733,830
US5736,10
US5749,435
US5752,256
US5754,37
US5757,23
US5761,42
US5764,24
US5765,26
US5768,44
US5769,359
US5774,87
US5779,310
US5781,509
US5785,89
US5789,856
US5790,52
US5792,1756
US5801,45
US5802,26410
US5804,76
US5806,83
US5808,12
US5817,84
US5827,555
US5831,14
US5832,16
US5833,138
US5842,65
US5845,25
US5848,342
US5849,240
US5850,713
US5859,42
US5865,41
US5868,10
US5869,96
US5874,268
US5875,120
US5879,11
US5883,20
US5884,15
US5889,258
US5897,111
US5898,210
US5902,250
US5903,10
US5905,69
US5906,76
US5911,168
US5912,1005
US5922,187
US5924,47
US5926,48
US5927,8
US5931,452
US5932,2923
US5933,5
US5937,2319
US5948,168
US5951,2759
US5952,66
US5959,15
US5960,49
US5963,129
US5967,19
US5969,528
US5974,80
US5975,20
US5979,251
US5981,95
US5987,306
US5988,75
US5989,27
US5993,472
US5998,4
US6000,10
US6003,15
US6013,16
US6015,579
US6017,68
US6022,11
US6023,53
US6026,195
US6039,29
US6046,16
US6052,627
US6054,137
US6057,194
US6058,24
US6060,179
US6061,11
US6065,157
US6066,281
US6071,278
US6072,181
US6075,130
US6077,3
US6085,134
US6086,542
US6090,103
US6092,42
US6095,433
US6099,218
US6100,501
US6109,58
US6115,256
US6122,142
US6123,30
US6124,13
US6126,15
US6127,47
US6143,1123
US6144,13
US6157,243
US6161,218
US6162,843
US6170,48
US6176,227
US6177,77
US6178,268
US6179,157
US6180,1625
US6181,30
US6184,233
US6186,116
US6189,35
US6190,33
US6192,327
US6200,436
US6203,21
US6213,277
US6215,222
US6219,72
US6220,478
US6221,9
US6230,46
US6234,82
US6237,83
US6239,10
US6240,81
US6244,260
US6246,11
US6247,104
US6250,473
US6252,32
US6261,110
US6262,57
US6269,167
US6271,922
US6272,408
US6280,484
US6281,501
US6282,40
US6288,326
US6289,132
US6290,184
US6292,225
US6296,61
US6297,85
US6299,194
US6300,13
US6305,48
US6308,16
US6310,7
US6313,69
US6314,43
US6316,386
US6317,1017
US6318,51
US6319,13
US6320,655
US6322,666
US6328,70
US6331,59
US6332,10
US6334,188
US6336,13
US6337,122
US6338,306
US6339,221
US6340,13
US6342,66
US6343,24
US6344,339
US6350,326
US6351,488
US6355,25
US6357,176
US6358,41
US6360,23
US6364,89
US6371,26
US6372,275
US6373,200
US6381,31
US6385,91
US6388,135
US6389,1961
US6390,200
US6391,119
US6392,81
US6394,95
US6395,128
US6399,215
US6400,365
US6402,149
US6416,547
US6417,99
US6421,139
US6430,138
US6433,3
US6434,223
US6435,362
US6437,93
US6439,110
US6440,349
US6441,153
US6445,63
US6446,167
US6448,189
US6453,454
US6454,31
US6455,22
US6457,246
US6458,405
US6466,311
US6468,124
US6469,214
US6482,4
US6487,22
US6489,17
US6494,53
US6496,12
US6498,48
US6502,234
US6503,397
US6508,31
US6509,216
US6516,722
US6519,51
US6521,132
US6523,10
US6527,28
US6528,189
US6533,13
US6534,18
US6535,15
US6536,587
US6537,71
US6538,269
US6540,16
US6541,13
US6549,10
US6550,38
US6552,22
US6553,572
US6559,349
US6564,35
US6569,45
US6570,2
US6574,18
US6577,118
US6581,37
US6583,100
US6584,165
US6585,393
US6589,3519
US6591,290
US6598,236
US6599,203
US6603,18
US6605,166
US6606,53
US6609,37
US6610,4013
US6617,298
US6618,11
US6623,77
US6632,366
US6643,11
US6645,9
US6649,206
US6656,51
US6663,5670
US6664,270
US6671,2281
US6675,2
US6676,29
US6681,649
US6682,36
US6683,26
US6688,910
US6691,79
US6693,391
US6698,98
US6699,28
US6701,226
US6702,9
US6703,57
US6705,2632
US6711,129
US6712,296
US6720,17
US6721,29
US6722,112
US6723,106
US6726,252
US6727,12
US6729,139
US6732,74
US6733,3
US6736,150
US6738,115
US6739,64
US6742,48
US6746,395
US6757,39
US6760,432
US6762,667
US6763,1025
US6767,16
US6768,23
US6771,21
US6772,48
US6779,4433
US6780,113
US6781,857
US6784,176
US6786,82
US6788,20
US6793,244
US6796,5
US6798,209
US6802,284
US6803,10
US6806,10
US6810,38
US6813,137
US6814,469
US6820,114
US6823,81
US6829,50
US6842,233
US6843,30
US6847,72
US6848,9
US6854,362
US6857,10
US6862,44
US6863,74
US6864,68
US6865,167
US6866,71
US6867,217
US6871,117
US6874,26
US6875,79
US6880,531
US6881,23
US6883,9
US6890,49
US6892,1293
US6896,572
US6900,158
US6901,40
US6905,24
US6907,14
US6908,382
US6909,55
US6916,408
US6919,116
US6920,528
US6922,216
US6923,26
US6931,540
US6937,247
US6938,800
US6948,54
US6950,525
US6953,38
US6955,89
US6956,11
US6964,77
US6977,746
US6979,226
US6980,21
US6982,262
US6983,216
US6988,71
US6989,521
US6993,129
US6994,29
US6997,237
US7004,1079
US7005,630
US7007,134
US7013,107
US7015,141
US7024,370
US7031,28
US7035,79
US7036,694
US7043,9
US7048,10
US7049,188
US7051,134
US7059,99
US7066,353
US7069,453
US7071,80
US7084,146
US7086,105
US7087,30
US7088,60
US7091,127
US7098,22
US7102,135
US7103,27
US7104,648
US7106,419
US7109,124
US7110,603
US7116,556
US7117,58
US7121,214
US7127,980
US7132,72
US7135,43
US7137,59
US7139,131
US7140,223
US7145,21
US7149,11
US7156,70
US7160,8903
US7161,345
US7162,181
US7164,185
US7166,52
US7174,25
US7175,4
US7188,22
US7191,138
US7193,111
US7194,149
US7200,84
US7205,11
US7207,986
US7208,29
US7209,26
US7211,541
US7219,95
US7224,597
US7226,10
US7227,155
US7229,285
US7234,3
US7237,11
US7252,137
US7262,297
US7263,326
US7264,4475
US7267,776
US7269,330
US7272,694
US7273,321
US7275,27
US7276,3630
US7279,257
US7283,571
US7284,296
US7293,108
US7300,188
US7305,37
US7310,181
US7311,1715
US7314,1592
US7322,36
US7325,875
US7335,25
US7341,151
US7347,183
US7351,798
US7354,393
US7357,791
US7367,121
US7373,355
US7374,3648
US7377,189
US7379,909
US7384,188
US7387,76
US7392,479
US7393,132
US7394,516
US7395,233
US7398,177
US7402,358
US7404,1133
US7407,441
US7410,62
US7414,954
US7417,1451
US7418,94
US7419,61
US7420,221
US7425,85
US7429,220
US7432,728
US7437,4
US7438,19
US7442,401
US7444,211
US7445,177
US7446,77
US7456,154
US7457,1
US7459,81
US7460,245
US7466,1278
US7469,68
US7472,9
US7473,2462
US7479,74
US7481,247
US7491,442
US7493,19
US7497,35
US7500,586
US7501,91
US7505,48
US7507,338
US7508,94
US7512,533
US7513,103
US7517,1
US7519,314
US7532,4932
US7538,1260
US7541,333
US7543,145
US7544,2013
US7545,250
US7548,78
US7551,67
US7553,1
US7555,490
US7556,8
US7558,230
US7559,83
US7560,1053
US7563,23
US7564,50
US7568,689
US7569,262
US7572,1324
US7573,125
US7574,215
US7577,700
US7578,69
US7579,162
US7582,133
US7585,41
US7586,94
US7589,544
US7591,228
US7593,300
US7595,40
US7598,207
US7599,74
US7600,1057
US7601,524
US7602,561
US7603,112
US7604,109
US7605,1123
US7608,25
US7610,892
US7613,118
US7618,776
US7622,227
US7629,297
US7632,127
US7633,344
US7636,3337
US7637,531
US7651,119
US7655,184
US7664,229
US7666,347
US7673,209
US7676,669
US7678,616
US7680,1761
US7682,91
US7687,676
US7688,9
US7689,169
US7691,313
US7693,10
US7697,84
US7698,157
US7699,55
US7700,499
US7706,552
US7707,472
US7709,828
US7714,107
US7716,540
US7720,776
US7723,44
US7725,296
US7727,298
US7730,205
US7733,100
US7746,225
US7747,1735
US7750,42
US7754,11
US7755,475
US7759,475
US7760,73
US7763,146
US7765,77
US7766,368
US7767,131
US7771,94
US7772,322
US7773,687
US7782,157
US7785,185
US7790,13
US7791,257
US7795,362
US7796,239
US7805,92
US7809,575
US7812,32
US7814,1265
US7816,74
US7819,383
US7820,27
US7822,1320
US7824,10
US7826,299
US7827,491
US7829,402
US7830,242
US7835,90
US7839,1101
US7840,202
US7841,7625
US7851,99
US7856,234
US7860,158
US7861,161
US7863,553
US7866,331
US7868,116
US7870,2397
US7875,335
US7877,345
US7884,198
US7885,290
US7894,134
US7898,257
US7900,208
US7904,435
US7911,75
US7913,56
US7916,22
US7924,131
US7926,162
US7933,407
US7936,2
US7939,93
US7942,209
US7944,10
US7949,161
US7950,1332
US7953,810
US7955,436
US7960,14
US7961,121
US7963,2
US7965,173
US7966,175
US7967,439
US7972,204
US7974,12
US7976,242
US7978,488
US7979,446
US7981,483
US7983,697
US7984,494
US7986,293
US7987,382
US7991,101
US7996,71
US7998,192
US7999,4410
US8000,5
US8001,223
US8004,96
US8006,785
US8013,169
US8014,71
US8017,200
US8018,1703
US8019,854
US8028,161
US8029,95
US8037,182
US8045,105
US8046,263
US8051,593
US8054,59
US8058,270
US8065,265
US8067,174
US8069,225
US8072,106
US8076,268
US8078,254
US8081,485
US8092,140
US8095,71
US8096,35
US8102,11
US8105,178
US8116,612
US8122,556
US8125,165
US8132,60
US8142,2778
US8192,1768
US8193,599
US8195,2
US8196,522
US8203,84
US8206,1356
US8220,234
US8222,12
US8227,1284
US8235,76
US8236,231
US8245,376
US8247,46
US8254,5
US8255,1465
US8256,865
US8257,404
US8259,154
US8265,428
US8272,1561
US8277,94
US8291,101
US8292,61
US8295,315
US8297,41
US8301,142
US8303,129
US8306,115
US8307,410
US8309,210
US8313,587
US8317,13
US8321,506
US8322,27
US8323,383
US8327,565
US8328,67
US8330,172
US8331,143
US8333,144
US8335,108
US8337,95
US8339,712
US8343,313
US8344,14
US8346,187
US8347,248
US8349,572
US8353,114
US8356,122
US8357,3
US8360,556
US8364,1026
US8369,91
US8370,273
US8371,338
US8375,46
US8376,31
US8377,45
US8379,1129
US8380,77
US8381,66
US8392,217
US8394,165
US8422,44
US8447,65
US8450,75
US8453,1074
US8455,30
US8458,72
US8461,3
US8464,1457
US8468,19
US8470,1912
US8473,178
US8475,630
US8479,525
US8480,453
US8486,174
US8488,3488
US8492,493
US8493,136
US8494,176
US8495,119
US8496,15
US8503,3580
US8506,508
US8514,13
US8519,151
US8527,180
US8529,919
US8530,4139
US8539,381
US8540,578
US8543,135
US8552,113
US8557,675
US8562,454
US8568,75
US8569,135
US8571,10
US8577,1121
US8579,362
US8585,325
US8587,913
US8589,188
US8590,225
US8591,142
US8596,96
US8598,115
US8599,2141
US8604,10
US8605,145
US8606,17
US8607,88
US8610,695
US8612,128
US8616,670
US8619,15
US8623,40
US8627,303
US8629,99
US8643,730
US8649,439
US8651,11
US8658,85
US8660,31
US8666,190
US8668,145
US8674,94
US8675,14
US8679,379
US8681,229
US8690,831
US8692,112
US8696,303
US8702,16
US8703,13
US8707,98
US8708,35
US8711,20
US8712,66
US8716,9
US8718,101
US8719,47
US8725,11
US8731,93
US8733,93
US8736,80
US8739,400
US8745,916
US8746,84
US8748,132
US8750,19
US8751,88
US8752,11
US8753,390
US8755,95
US8756,101
US8759,82
US8761,508
US8769,38
US8770,174
US8773,31
US8776,316
US8784,17
US8790,11
US8795,149
US8798,55
US8799,184
US8804,22
US8808,17
US8809,11
US8814,127
US8817,17
US8818,11
US8821,57
US8822,23
US8824,199
US8828,576
US8831,14
US8832,270
US8841,266
US8843,112
US8844,387
US8849,11
US8865,96
US8867,1315
US8868,24
US8873,307
US8874,166
US8881,11
US8882,30
US8883,91
US8885,11
US8888,207
US8891,178
US8896,745
US8897,96
US8900,709
US8903,30
US8905,117
US8911,10
US8912,263
US8913,10
US8914,835
US8920,141
US8923,35
US8925,458
US8928,1621
US8931,87
US8933,155
US8943,12
US8946,642
US8948,6
US8949,66
US8953,10
US8956,288
US8975,200
US8979,134
US8982,500
US8983,2023
US8988,13
US8991,46
US8996,590
US9006,20
US9009,1885
US9014,251
US9015,25
US9019,2215
US9022,21
US9024,2230
US9029,916
US9032,429
US9033,70
US9036,201
US9046,596
US9048,75
US9049,351
US9051,501
US9053,326
US9058,646
US9059,86
US9063,34
US9064,12
US9065,110
US9066,401
US9069,30
US9072,4
US9073,76
US9074,10
US9080,1125
US9081,28
US9084,114
US9085,151
US9086,497
US9087,11
US9091,163
US9092,132
US9095,35
US9096,310
US9098,354
US9099,75
US9103,148
US9104,148
US9108,1
US9109,307
US9110,33
US9113,33
US9116,9
US9117,181
US9119,88
US9122,2
US9125,120
US9127,302
US9128,266
US9129,132
US9134,99
US9135,119
US9137,1198
US9143,33
US9148,87
US9155,238
US9161,108
US9172,38
US9174,33
US9176,232
US9181,808
US9184,16
US9189,160
US9205,157
US9210,12
US9226,141
US9229,57
US9231,32
US9232,28893
US9238,134
US9241,15
US9243,108
US9244,116
US9245,23
US9247,267
US9248,28
US9253,219
US9255,1068
US9256,79
US9266,45
US9273,355
US9274,103
US9279,4
US9284,44
US9286,409
US9288,233
US9293,48
US9294,1176
US9296,194
US9299,645
US9300,20
US9304,23
US9305,2
US9310,41
US9318,10
US9324,207
US9325,505
US9326,26
US9328,115
US9330,11
US9331,456
US9334,2
US9338,587
US9342,382
US9344,135
US9346,14
US9348,260
US9350,64
US9351,16
US9353,14
US9364,160
US9371,1315
US9372,1252
US9376,1
US9377,731
US9379,3631
US9388,56
US9395,134
US9403,47
US9406,27
US9409,494
US9410,29
US9413,31
US9416,25
US9419,24
US9421,22
US9425,300
US9428,544
US9430,87
US9433,34
US9435,434
US9436,22
US9438,864
US9442,187
US9443,538
US9444,80
US9446,73
US9447,583
US9452,36
US9456,31
US9458,17
US9459,1382
US9462,264
US9465,45
US9468,73
US9469,188
US9478,28
US9484,659
US9488,1467
US9492,138
US9494,591
US9496,1723
US9499,14
US9504,259
US9505,180
US9509,357
US9511,38
US9512,128
US9514,99
US9515,138
US9516,149
US9520,696
US9525,44
US9528,49
US9530,21
US9531,191
US9532,510
US9533,387
US9534,406
US9535,28
US9537,73
US9538,46
US9539,304
US9543,141
US9550,675
US9552,11
US9557,327
US9559,306
US9561,28
US9564,62
US9565,11
US9568,13
US9570,135
US9571,94
US9578,653
US9581,144
US9593,331
US9597,12
US9598,288
US9603,2855
US96054008,58
US96054009,22
US96054017,16
US96054026,13
US96054031,64
US96054033,25
US96054038,80
US96054048,13
US96054052,12
US96054054,10
US96054056,37
US96054063,30
US96054066,20
US96054068,81
US96054078,11
US96054083,23
US96054084,121
US96054090,143
US96054095,224
US96054096,63
US96054103,14
US96054104,226
US96054106,12
US96054115,81
US96054120,318
US96054131,330
US96054137,63
US96054150,16
US96054154,14
US96054155,16
US96054157,632
US96054158,394
US96054162,22
US96054174,10
US96054177,11
US96054195,13
US96054211,49
US96054218,960
US96054219,11
US96054223,199
US96054228,30
US96054237,55
US96054238,324
US96054242,16
US96054245,75
US96054251,27
US96054253,41
US96054255,35
US96054262,99
US96054269,1539
US96054275,755
US96054276,279
US96054277,32
US96054278,12
US96054279,43
US96054284,12
US96054288,153
US96054296,13
US96054299,86
US96054300,107
US96054305,19
US96054306,8
US96054310,4
US96054313,18
US96054316,90
US96054320,10
US96054323,18
US96054326,161
US96054341,58
US96054346,94
US96054349,26
US96054356,303
US96054362,18
US96054364,91
US96054367,181
US96054374,70
US96054375,15
US96054376,3
US96054379,253
US96054384,12
US96054388,154
US96054389,21
US96054390,4709
US96054398,15
US96054400,92
US96054403,88
US96054413,23
US96054418,357
US96054419,29
US96054427,200
US96054433,128
US96054439,215
US96054440,16
US96054442,10
US96054447,185
US96054462,35
US96054463,36
US96054473,12
US96054478,16
US96054481,85
US96054482,294
US96054483,64
US96054495,11
US96054498,13
US96054501,204
US96054518,12
US96054521,10
US96054523,109
US96054525,14
US96054528,85
US96054537,50
US96054539,198
US96054546,11
US96054551,183
US96054556,20
US96054558,10
US96054560,12
US96054561,15
US96054563,132
US96054569,11
US96054576,49
US96054577,1
US96054579,10
US96054580,68
US96054597,452
US96054611,63
US96054614,11
US96054615,78
US96054619,119
US96054631,17
US96054640,238
US96054644,51
US96054652,104
US96054666,82
US96054682,10
US96054696,20
US96054702,35
US96054703,10
US96054713,299
US96054714,62
US96054715,10
US96054717,123
US96054721,23
US96054724,366
US96054727,23
US96054730,183
US96054737,169
US96054746,14
US96054765,326
US96054770,327
US96054778,11
US96054783,75
US96054787,91
US96054790,10
US96054810,64
US96054811,11
US96054821,94
US96054824,79
US96054825,25
US96054830,23
US96054833,10
US96054843,51
US96054847,3309
US96054848,74
US96054855,125
US96054859,14
US96054861,11
US96054864,143
US96054871,10
US96054874,302
US96054880,43
US96054883,14
US96054886,137
US96054889,14
US96054900,82
US96054901,10
US96054903,11
US96054913,26
US96054928,88
US96054937,28
US96054939,112
US96054940,13
US96054948,13
US96054964,48
US96054966,81
US96054979,167
US96054982,13
US96054988,150
US96054989,1
US96054994,23
US96054995,22
US96054996,15
US96055000,83
US96055006,11
US96055009,52
US96055016,353
US96055018,12
US96055032,72
US96055033,94
US96055035,11
US96055037,13
US96055044,12
US96055049,12
US96055051,110
US96055061,10
US96055063,19
US96055066,76
US96055070,42
US96055075,11
US96055082,36
US96055086,236
US96055090,48
US96055091,73
US96055092,11
US96055093,11
US96055094,71
US96055095,13
US96055113,48
US96055114,70
US96055121,16
US96055122,14
US96055126,136
US96055127,11
US96055128,16
US96055130,75
US96055131,74
US96055136,85
US96055138,13
US96055146,30
US96055150,31
US96055152,9
US96055154,377
US96055165,77
US96055172,14
US96055188,19
US96055193,16
US96055206,25
US96055207,91
US96055212,106
US96055213,11
US96055218,10
US96055229,141
US96055249,12
US96055254,389
US96055260,18
US96055264,77
US96055266,11
US96055269,13
US96055272,11
US96055277,286
US96055283,26
US96055284,45
US96055285,17
US96055291,37
US96055292,343
US96055299,524
US96055304,11
US96055310,97
US96055313,24
US96055314,233
US96055320,86
US96055323,12
US96055325,17
US96055326,11
US96055362,24
US96055372,10
US96055376,13
US96055379,11
US96055381,13
US96055383,14
US96055384,2
US96055396,12
US96055401,12
US96055419,13
US96055421,10
US96055427,12
US96055428,26
US96055434,29
US96055435,13
US96055436,13
US96055442,11
US96055446,22
US96055451,136
US96055452,151
US96055458,14
US96055460,67
US96055462,166
US96055478,10
US96055483,13
US96055487,533
US96055488,453
US96055497,20
US96055501,12
US96055535,3068
US96055537,67
US96055541,23
US96055542,10
US96055543,413
US96055545,69
US96055546,70
US96055554,11
US96055556,38
US96055567,10
US96055575,259
US96055576,14
US96055579,1125
US96055580,25
US96055585,16
US96055596,121
US96055601,28
US96055609,11
US96055610,654
US96055621,10
US96055623,20
US96055629,13
US96055632,61
US96055633,37
US96055637,10
US96055639,131
US96055652,16
US96055657,10
US96055665,10
US96055671,14
US96055674,13
US96055675,75
US96055676,110
US96055677,13
US96055678,98
US96055679,34
US96055680,139
US96055685,114
US96055686,23
US96055687,72
US96055690,2
US96055699,13
US96055703,92
US96055708,33
US96055709,417
US96055715,60
US96055716,11
US96055717,96
US96055727,20
US96055732,55
US96055738,15
US96055749,100
US96055753,27
US96055759,314
US96055767,766
US96055775,35
US96055786,11
US96055787,419
US96055788,38
US96055792,22
US96055795,10
US96055801,51
US96055807,13
US96055808,22
US96055820,25
US96055821,240
US96055835,43
US96055837,10
US96055838,103
US96055839,110
US96055840,28
US96055841,27
US96055842,27
US96055846,16
US96055847,11
US96055850,69
US96055851,15
US96055853,114
US96055864,37
US96055869,13
US96055870,14
US96055871,150
US96055873,307
US96055875,33
US96055880,11
US96055881,12
US96055887,17
US96055896,11
US96055897,11
US96055905,176
US96055907,12
US96055910,64
US96055916,71
US96055919,36
US96055926,131
US96055934,117
US96055937,16
US96055939,60
US96055947,16
US96055948,31
US96055949,86
US96055955,12
US96055959,11
US96055961,70
US96055969,22
US96055977,61
US96055985,10
US96055990,14
US96055995,10
US96055997,13
US96055999,60
US96056000,15
US96056004,23
US96056012,61
US96056014,165
US96056020,123
US96056023,27
US96056031,15
US96056033,64
US96056034,34
US96056045,18
US96056049,37
US96056058,174
US96056061,15
US96056071,14
US96056078,15
US96056081,131
US96056090,93
US96056092,174
US96056095,27
US96056096,66
US96056099,19
US96056100,28
US96056101,11
US96056111,32
US96056119,113
US96056122,32
US96056123,10
US96056127,33
US96056140,19
US96056141,11
US96056144,20
US96056146,24
US96056147,14
US96056154,14
US96056161,13
US96056162,10
US96056165,80
US96056170,16
US96056185,250
US96056186,13
US96056187,10
US96056188,95
US96056189,70
US96056191,32
US96056195,13
US96056197,12
US96056200,35
US96056203,14
US96056204,14
US96056206,62
US96056208,23
US96056217,90
US96056229,32
US96056230,26
US96056242,10
US96056256,15
US96056257,10
US96056260,12
US96056263,19
US96056269,68
US96056272,14
US96056277,12
US96056281,30
US96056282,15
US96056287,32
US96056288,33
US96056291,79
US96056294,12
US96056296,86
US96056297,14
US96056298,238
US96056299,61
US96056300,85
US96056301,16
US96056302,12
US96056305,21
US96056306,252
US96056307,51
US96056309,23
US96056311,11
US96056312,222
US96056316,10
US96056319,84
US96056320,35
US96056323,10
US96056324,286
US96056326,3
US96056339,11
US96056340,11
US96056346,60
US96056349,775
US96056355,13
US96056368,11
US96056373,13
US96056379,84
US96056380,86
US96056382,64
US96056387,43
US96056392,177
US96056396,11
US96056406,18
US96056414,26
US96056417,106
US96056425,10
US96056430,9
US96056435,71
US96056440,17
US96056446,16
US96056447,78
US96056462,17
US96056468,10
US96056476,68
US96056478,35
US96056479,20
US96056482,37
US96056484,30
US96056485,187
US96056489,48
US96056491,13
US96056492,14
US96056493,14
US96056495,132
US96056498,13
US96056499,109
US96056500,26
US96056501,10
US96056505,75
US96056506,12
US96056507,98
US96056508,16
US96056511,131
US96056513,24
US96056514,99
US96056515,11
US96056516,64
US96056518,29
US96056519,10
US96056520,11
US96056522,43
US96056524,24
US96056525,60
US96056527,137
US96056528,439
US96056530,60
US96056542,34
US96056545,11
US96056546,108
US96056548,74
US96056553,12
US96056557,19
US96056561,66
US96056562,10
US96056563,105
US96056564,33
US96056565,85
US96056567,22
US96056568,66
US96056570,11
US96056572,196
US96056579,367
US96056580,10
US96056591,137
US96056593,1074
US96056596,10
US96056600,491
US96056605,89
US96056607,25
US96056608,96
US96056611,58
US96056612,14
US96056616,15
US96056617,208
US96056618,97
US96056619,38
US96056637,65
US96056638,10
US96056642,15
US96056643,55
US96056658,80
US96056670,56
US96056679,13
US96056682,10
US96056684,254
US96056686,358
US96056693,15
US96056694,17
US96056695,14
US96056697,10
US96056708,20
US96056714,86
US96056720,785
US96056721,261
US96056725,31
US96056728,9
US96056735,417
US96056738,72
US96056746,18
US96056747,208
US96056749,75
US96056750,10
US96056751,27
US96056771,155
US96056773,12
US96056775,129
US96056777,15
US96056793,12
US96056794,413
US96056801,60
US96056805,118
US96056806,12
US96056807,106
US96056809,39
US96056818,12
US96056819,128
US96056820,64
US96056822,25
US96056825,13
US96056829,48
US96056830,574
US96056831,195
US96056838,14
US96056854,13
US96056863,11
US96056865,20
US96056873,14
US96056885,2
US96056889,17
US96056895,32
US96056900,11
US96056902,24
US96056904,31
US96056906,238
US96056907,27
US96056908,30
US96056911,10
US96056912,28
US96056915,109
US96056917,76
US96056926,13
US96056927,12
US96056931,279
US96056935,15
US96056939,26
US96056944,80
US96056946,10
US96056948,10
US96056961,13
US96056965,141
US96056967,11
US96056972,11
US96056973,47
US96056980,112
US96056983,67
US96056987,11
US96056990,10
US96056998,62
US96056999,23
US96057012,14
US96057013,10
US96057014,435
US96057015,32
US96057016,47
US96057017,94
US96057018,10
US96057021,25
US96057024,33
US96057027,65
US96057029,96
US96057037,183
US96057046,518
US96057054,12
US96057055,179
US96057059,143
US96057075,17
US96057087,30
US96057091,10
US96057092,45
US96057093,44
US96057094,11
US96057102,228
US96057105,80
US96057109,11
US96057111,15
US96057112,10
US96057115,10
US96057125,374
US96057126,2
US96057127,39
US96057129,11
US96057134,10
US9611,60
US9615,17
US9616,197
US9618,200
US9624,445
US9629,77
US9631,192
US9635,452
US9640,8
US9642,100
US9643,696
US9644,650
US9645,234
US9646,158
US9647,28
US9651,128
US9654,52
US9656,38
US9665,3063
US9666,338
US9667,16
US9669,22
US9672,19
US9673,365
US9674,14
US9679,4
US9684,102
US9690,316
US9691,10
US9692,13
US9693,23
US9701,167
US9703,55
US9705,40
US9711,425
US9713,331
US9716,228
US9725,17
US9728,124
US9729,32
US9730,993
US9731,322
US9734,12
US9737,687
US9739,253
US9746,192
US9747,11
US9751,6634
US9754,14
US9755,359
US9759,245
US9760,208
US9763,284
US9764,32
US9769,357
US9772,657
US9773,37
US9775,183
US9777,254
US9778,37
US9779,15
US9781,45
US9783,105
US9785,181
US9787,95
US9788,433
US9790,298
US9791,312
US9793,703
US9796,127
US9797,31
US9800,11
US9811,10
US9812,111
US9817,508
US9819,41
US9825,258
US9831,62
US9833,461
US9838,58
US9839,1038
US9845,52
US9849,38
US9851,76
US9852,60
US9858,43
US9864,31
US9867,108
US9871,56
US9874,246
US9876,105
US9881,454
US9883,35
US9885,21
US9890,188
US9895,225
US9896,136
US9897,257
US9899,10
US9901,88
US9911,22
US9915,252
US9919,17
US9929,448
US9933,53
US9938,13
US9944,183
US9945,111
US9947,563
